id,city_area,city_name,state_name,country_name,zipcode,created_by
1,Abasana,Ahmedabad,Gujarat,India,382120,1
2,Adroda,Ahmedabad,Gujarat,India,382220,1
3,Adval,Ahmedabad,Gujarat,India,382460,1
4,Ahmedabad G.P.O.,Ahmedabad,Gujarat,India,380001,1
5,Akru,Ahmedabad,Gujarat,India,382250,1
6,Alampur,Ahmedabad,Gujarat,India,382245,1
7,Alau,Ahmedabad,Gujarat,India,382255,1
8,Ambali,Ahmedabad,Gujarat,India,382463,1
9,Ambalia,Ahmedabad,Gujarat,India,383345,1
10,Ambaliara,Ahmedabad,Gujarat,India,382225,1
11,Ambareli,Ahmedabad,Gujarat,India,382225,1
12,Ambawadi,Ahmedabad,Gujarat,India,380006,1
13,Ambawadi Vistar,Ahmedabad,Gujarat,India,380015,1
14,Ambli,Ahmedabad,Gujarat,India,380058,1
15,Amraiwadi,Ahmedabad,Gujarat,India,380026,1
16,Anand Nagar,Ahmedabad,Gujarat,India,380007,1
18,Andej,Ahmedabad,Gujarat,India,382210,1
19,Aniali Bhimji,Ahmedabad,Gujarat,India,382460,1
20,Aniali K,Ahmedabad,Gujarat,India,382245,1
21,Ankhol,Ahmedabad,Gujarat,India,382330,1
22,Arnej,Ahmedabad,Gujarat,India,382230,1
23,Asalgam,Ahmedabad,Gujarat,India,382150,1
24,Asarwa,Ahmedabad,Gujarat,India,380016,1
25,Asarwa Chakla,Ahmedabad,Gujarat,India,380016,1
26,Asarwa Ext South,Ahmedabad,Gujarat,India,380024,1
27,Ashoknagar,Ahmedabad,Gujarat,India,382140,1
28,Ashram Road,Ahmedabad,Gujarat,India,380009,1
29,Aslali,Ahmedabad,Gujarat,India,382427,1
30,Ayojan Nagar,Ahmedabad,Gujarat,India,380015,1
31,Azad Society,Ahmedabad,Gujarat,India,380015,1
32,Badarkha,Ahmedabad,Gujarat,India,382455,1
33,Bagad,Ahmedabad,Gujarat,India,382255,1
34,Bagodara,Ahmedabad,Gujarat,India,382230,1
35,Bajarda,Ahmedabad,Gujarat,India,382460,1
36,Bakrana,Ahmedabad,Gujarat,India,382170,1
37,Bakrol,Ahmedabad,Gujarat,India,382430,1
38,Baldana,Ahmedabad,Gujarat,India,382240,1
39,Balsasan,Ahmedabad,Gujarat,India,382145,1
40,Bamroli,Ahmedabad,Gujarat,India,382145,1
41,Bamsara,Ahmedabad,Gujarat,India,382240,1
42,Bapunagar,Ahmedabad,Gujarat,India,380024,1
43,Bareja,Ahmedabad,Gujarat,India,382425,1
45,Barwala Ghelasha,Ahmedabad,Gujarat,India,382450,1
46,Bavaliary,Ahmedabad,Gujarat,India,382455,1
47,Bavla,Ahmedabad,Gujarat,India,382220,1
48,Bavla Market Yard,Ahmedabad,Gujarat,India,382220,1
49,Behrampura,Ahmedabad,Gujarat,India,380022,1
50,Bhadaj,Ahmedabad,Gujarat,India,380060,1
51,Bhadana,Ahmedabad,Gujarat,India,382140,1
52,Bhadiad,Ahmedabad,Gujarat,India,382435,1
53,Bhairavnath Road,Ahmedabad,Gujarat,India,380028,1
54,Bhangadh,Ahmedabad,Gujarat,India,382455,1
55,Bhankoda,Ahmedabad,Gujarat,India,382140,1
56,Bhat,Ahmedabad,Gujarat,India,382428,1
57,Bhavda,Ahmedabad,Gujarat,India,382433,1
58,Bhayla,Ahmedabad,Gujarat,India,382220,1
59,Bhodad,Ahmedabad,Gujarat,India,382445,1
60,Bhojwa,Ahmedabad,Gujarat,India,382150,1
61,Bholad,Ahmedabad,Gujarat,India,382230,1
62,Bhoyani,Ahmedabad,Gujarat,India,382145,1
63,Bhurkhi,Ahmedabad,Gujarat,India,382230,1
64,Bhuvaldi,Ahmedabad,Gujarat,India,382430,1
65,Bilasia,Ahmedabad,Gujarat,India,382330,1
66,Bodakdev,Ahmedabad,Gujarat,India,380054,1
67,Bodia,Ahmedabad,Gujarat,India,382245,1
68,Bol,Ahmedabad,Gujarat,India,382170,1
69,Bopal,Ahmedabad,Gujarat,India,380058,1
70,Bordibazar Viramgam,Ahmedabad,Gujarat,India,382150,1
71,Buranpur,Ahmedabad,Gujarat,India,382465,1
72,Calico Mills,Ahmedabad,Gujarat,India,380022,1
73,Cantonment,Ahmedabad,Gujarat,India,380004,1
74,Chaloda,Ahmedabad,Gujarat,India,382260,1
75,Chandarva,Ahmedabad,Gujarat,India,382255,1
76,Chandial,Ahmedabad,Gujarat,India,382433,1
77,Chandisar,Ahmedabad,Gujarat,India,382130,1
78,Chandkheda,Ahmedabad,Gujarat,India,382424,1
80,Chandlodia,Ahmedabad,Gujarat,India,382481,1
81,Chandranagar,Ahmedabad,Gujarat,India,382150,1
82,Changodar,Ahmedabad,Gujarat,India,382213,1
83,Charanki,Ahmedabad,Gujarat,India,382450,1
84,Charel,Ahmedabad,Gujarat,India,382110,1
85,Chaulaj,Ahmedabad,Gujarat,India,382433,1
86,Chekhla,Ahmedabad,Gujarat,India,382210,1
87,Chhabasar,Ahmedabad,Gujarat,India,382220,1
88,Chhaniar,Ahmedabad,Gujarat,India,382140,1
89,Chharodi,Ahmedabad,Gujarat,India,382170,1
90,Chhasiana,Ahmedabad,Gujarat,India,382460,1
91,Chiada,Ahmedabad,Gujarat,India,382220,1
92,Chokdi,Ahmedabad,Gujarat,India,382250,1
93,Chuval Dangarva,Ahmedabad,Gujarat,India,382145,1
94,Civil Hospital,Ahmedabad,Gujarat,India,380016,1
95,CTM,Ahmedabad,Gujarat,India,380026,1
96,Ctm Char Rasta,Ahmedabad,Gujarat,India,380026,1
97,D Cabin,Ahmedabad,Gujarat,India,380019,1
98,Dabhoda,Ahmedabad,Gujarat,India,382355,1
99,Dabhsar,Ahmedabad,Gujarat,India,382120,1
100,Dadhana,Ahmedabad,Gujarat,India,382120,1
101,Daduka,Ahmedabad,Gujarat,India,382110,1
102,Dadusar,Ahmedabad,Gujarat,India,382225,1
103,Dahegam,Ahmedabad,Gujarat,India,382305,1
104,Dalod,Ahmedabad,Gujarat,India,382130,1
105,Daran,Ahmedabad,Gujarat,India,382220,1
106,Dariapur,Ahmedabad,Gujarat,India,380001,1
108,Darpan Society,Ahmedabad,Gujarat,India,380009,1
109,Daskroi,Ahmedabad,Gujarat,India,382430,1
110,Daslana,Ahmedabad,Gujarat,India,382150,1
111,Daxini Society,Ahmedabad,Gujarat,India,380008,1
112,Dehgamda,Ahmedabad,Gujarat,India,382220,1
113,Dekawada,Ahmedabad,Gujarat,India,382120,1
114,Delhi Gate,Ahmedabad,Gujarat,India,380004,1
115,Deo Dholera,Ahmedabad,Gujarat,India,382240,1
116,Detroj,Ahmedabad,Gujarat,India,382120,1
117,Devaliya,Ahmedabad,Gujarat,India,382245,1
118,Devpura,Ahmedabad,Gujarat,India,382140,1
119,Devtimoti,Ahmedabad,Gujarat,India,382213,1
120,Dhakdi,Ahmedabad,Gujarat,India,382150,1
121,Dhamatvan,Ahmedabad,Gujarat,India,382435,1
122,Dhanala,Ahmedabad,Gujarat,India,382465,1
123,Dhandhuka,Ahmedabad,Gujarat,India,382460,1
124,Dhanwada,Ahmedabad,Gujarat,India,382220,1
125,Dharpipla,Ahmedabad,Gujarat,India,382245,1
126,Dhedasana,Ahmedabad,Gujarat,India,382130,1
127,Dhingada,Ahmedabad,Gujarat,India,382230,1
128,Dholera,Ahmedabad,Gujarat,India,382455,1
129,Dholi,Ahmedabad,Gujarat,India,382240,1
130,Dholka,Ahmedabad,Gujarat,India,382225,1
131,Digvijaynagar,Ahmedabad,Gujarat,India,382470,1
132,District Court,Ahmedabad,Gujarat,India,380001,1
133,Dodar,Ahmedabad,Gujarat,India,382170,1
134,Dudheshwar,Ahmedabad,Gujarat,India,380004,1
135,Dudheshwar Tavdipura,Ahmedabad,Gujarat,India,380004,1
136,Dumana,Ahmedabad,Gujarat,India,382150,1
137,Durgi,Ahmedabad,Gujarat,India,382230,1
138,Ellisbridge,Ahmedabad,Gujarat,India,380006,1
139,Endla,Ahmedabad,Gujarat,India,382130,1
140,Fangadi,Ahmedabad,Gujarat,India,382110,1
141,Fatehwadi,Ahmedabad,Gujarat,India,380055,1
142,Fatepur,Ahmedabad,Gujarat,India,382465,1
143,Fatewadi,Ahmedabad,Gujarat,India,382210,1
144,Fedra,Ahmedabad,Gujarat,India,382465,1
145,Frizpur,Ahmedabad,Gujarat,India,382240,1
146,Galsana,Ahmedabad,Gujarat,India,382245,1
147,Gamanpura,Ahmedabad,Gujarat,India,382120,1
148,Gamdi,Ahmedabad,Gujarat,India,382435,1
149,Gamph,Ahmedabad,Gujarat,India,382465,1
150,Gandhi Ashram,Ahmedabad,Gujarat,India,380027,1
151,Gandhi Road,Ahmedabad,Gujarat,India,380001,1
152,Gandhinagar Highway,Ahmedabad,Gujarat,India,382421,1
153,Gangad,Ahmedabad,Gujarat,India,382240,1
154,Ganol,Ahmedabad,Gujarat,India,382265,1
155,Garodia,Ahmedabad,Gujarat,India,382115,1
156,Gatrad,Ahmedabad,Gujarat,India,382449,1
157,Geratpur,Ahmedabad,Gujarat,India,382435,1
158,Ghatisana,Ahmedabad,Gujarat,India,382140,1
159,Ghatlodia,Ahmedabad,Gujarat,India,380061,1
160,Gheekanta Road,Ahmedabad,Gujarat,India,380001,1
161,Ghoda,Ahmedabad,Gujarat,India,382150,1
162,Ghodasar,Ahmedabad,Gujarat,India,380050,1
164,Ghuma,Ahmedabad,Gujarat,India,380058,1
165,Girdharnagar,Ahmedabad,Gujarat,India,380004,1
166,Girmatha,Ahmedabad,Gujarat,India,382425,1
167,Gita Mandir,Ahmedabad,Gujarat,India,380022,1
168,Gita Mandir Road,Ahmedabad,Gujarat,India,380022,1
169,Godhavata,Ahmedabad,Gujarat,India,382255,1
170,Godhavi,Ahmedabad,Gujarat,India,382115,1
171,Gogla,Ahmedabad,Gujarat,India,382463,1
172,Gomtipur,Ahmedabad,Gujarat,India,380021,1
173,Goraiya,Ahmedabad,Gujarat,India,382150,1
174,Goraj,Ahmedabad,Gujarat,India,382110,1
175,Gorasu,Ahmedabad,Gujarat,India,382463,1
176,Gota,Ahmedabad,Gujarat,India,382481,1
177,Gujarat University,Ahmedabad,Gujarat,India,380009,1
178,Gunda,Ahmedabad,Gujarat,India,382255,1
179,Gundi Sarvodaya Ashram,Ahmedabad,Gujarat,India,382230,1
180,Gunjala,Ahmedabad,Gujarat,India,382120,1
181,Gunjar,Ahmedabad,Gujarat,India,382460,1
182,Gurukul,Ahmedabad,Gujarat,India,380052,1
183,Gyaspur,Ahmedabad,Gujarat,India,382405,1
184,Hansalpur,Ahmedabad,Gujarat,India,382150,1
185,Hansol,Ahmedabad,Gujarat,India,382475,1
186,Harniav,Ahmedabad,Gujarat,India,382435,1
187,Hathijan,Ahmedabad,Gujarat,India,382445,1
188,Hebatpur,Ahmedabad,Gujarat,India,382430,1
189,Hirapur,Ahmedabad,Gujarat,India,382435,1
190,Hirapura,Ahmedabad,Gujarat,India,382150,1
191,I E Bapunagar,Ahmedabad,Gujarat,India,380024,1
192,I I M,Ahmedabad,Gujarat,India,380015,1
193,Iawa Vasna,Ahmedabad,Gujarat,India,382170,1
194,Ingoli,Ahmedabad,Gujarat,India,382265,1
195,Isanpur,Ahmedabad,Gujarat,India,382443,1
196,Isanpur Mota,Ahmedabad,Gujarat,India,382443,1
197,Jagatpur,Ahmedabad,Gujarat,India,382470,1
198,Jakhada,Ahmedabad,Gujarat,India,382230,1
199,Jakwada,Ahmedabad,Gujarat,India,382150,1
200,Jalalpur Vajifa,Ahmedabad,Gujarat,India,382225,1
201,Jalampur,Ahmedabad,Gujarat,India,382150,1
202,Jalila,Ahmedabad,Gujarat,India,382255,1
203,Jalisana,Ahmedabad,Gujarat,India,382120,1
204,Jaliya,Ahmedabad,Gujarat,India,382460,1
205,Jamalpur,Ahmedabad,Gujarat,India,380001,1
207,Jamp,Ahmedabad,Gujarat,India,382110,1
208,Jantanagar,Ahmedabad,Gujarat,India,382449,1
209,Jawahar Chowk,Ahmedabad,Gujarat,India,380008,1
210,Jawaraj,Ahmedabad,Gujarat,India,382230,1
211,Jeska,Ahmedabad,Gujarat,India,382250,1
212,Jetalpur,Ahmedabad,Gujarat,India,382426,1
213,Jholapur,Ahmedabad,Gujarat,India,382170,1
214,Jivraj Park,Ahmedabad,Gujarat,India,380051,1
215,Jodhpur,Ahmedabad,Gujarat,India,380015,1
216,Jodhpur Char Rasta,Ahmedabad,Gujarat,India,380015,1
217,Joshipura,Ahmedabad,Gujarat,India,382150,1
218,Juhapura,Ahmedabad,Gujarat,India,380055,1
219,Junapadhar,Ahmedabad,Gujarat,India,382150,1
220,Juval,Ahmedabad,Gujarat,India,382220,1
221,Juval Rupavati,Ahmedabad,Gujarat,India,382220,1
222,Kabir Chowk,Ahmedabad,Gujarat,India,380005,1
223,Kadipur,Ahmedabad,Gujarat,India,382463,1
224,Kadvasan,Ahmedabad,Gujarat,India,382130,1
225,Kalana,Ahmedabad,Gujarat,India,382170,1
226,Kali,Ahmedabad,Gujarat,India,382470,1
227,Kalupur,Ahmedabad,Gujarat,India,380001,1
228,Kalupur Chakla,Ahmedabad,Gujarat,India,380001,1
229,Kalyangadh,Ahmedabad,Gujarat,India,382240,1
230,Kamiala,Ahmedabad,Gujarat,India,382465,1
231,Kamijala,Ahmedabad,Gujarat,India,382150,1
232,Kanbha,Ahmedabad,Gujarat,India,382430,1
233,Kaneti,Ahmedabad,Gujarat,India,382110,1
234,Kaniyel,Ahmedabad,Gujarat,India,382433,1
235,Kankaria,Ahmedabad,Gujarat,India,380022,1
236,Kankravadi,Ahmedabad,Gujarat,India,382150,1
237,Kanz,Ahmedabad,Gujarat,India,382140,1
238,Karakthal,Ahmedabad,Gujarat,India,382150,1
239,Kasindra,Ahmedabad,Gujarat,India,382210,1
240,Kasindra,Ahmedabad,Gujarat,India,382465,1
241,Kathwada,Ahmedabad,Gujarat,India,382430,1
242,Kathwada Maize Product,Ahmedabad,Gujarat,India,382430,1
243,Katosan Road,Ahmedabad,Gujarat,India,382145,1
244,Kauka,Ahmedabad,Gujarat,India,382265,1
245,Kavitha,Ahmedabad,Gujarat,India,382260,1
246,Kelia Vasna,Ahmedabad,Gujarat,India,382225,1
247,Kerala,Ahmedabad,Gujarat,India,382220,1
248,Keria,Ahmedabad,Gujarat,India,382245,1
249,Kesardi,Ahmedabad,Gujarat,India,382240,1
250,Khadia,Ahmedabad,Gujarat,India,380001,1
251,Khadol,Ahmedabad,Gujarat,India,382460,1
252,Khambhada,Ahmedabad,Gujarat,India,382450,1
253,Khamidana,Ahmedabad,Gujarat,India,382450,1
254,Khandachora Dhandhuka,Ahmedabad,Gujarat,India,382460,1
255,Khanpur,Ahmedabad,Gujarat,India,380001,1
256,Kharad,Ahmedabad,Gujarat,India,382460,1
257,Kharakuva Dholka,Ahmedabad,Gujarat,India,382225,1
258,Khas,Ahmedabad,Gujarat,India,382255,1
259,Khasta,Ahmedabad,Gujarat,India,382460,1
260,Khoda,Ahmedabad,Gujarat,India,382170,1
261,Khodiyar,Ahmedabad,Gujarat,India,382421,1
262,Khodiyarnagar,Ahmedabad,Gujarat,India,382350,1
263,Khokarnesh,Ahmedabad,Gujarat,India,382245,1
264,Khokhara Mehmadabad,Ahmedabad,Gujarat,India,380008,1
265,Khorajnanoda,Ahmedabad,Gujarat,India,382170,1
266,Khudad,Ahmedabad,Gujarat,India,382150,1
267,Khun,Ahmedabad,Gujarat,India,382455,1
268,Kocharia,Ahmedabad,Gujarat,India,382220,1
269,Kointia,Ahmedabad,Gujarat,India,382140,1
270,Kokta,Ahmedabad,Gujarat,India,382150,1
271,Kolat,Ahmedabad,Gujarat,India,382210,1
272,Kotda,Ahmedabad,Gujarat,India,382445,1
273,Koth,Ahmedabad,Gujarat,India,382240,1
274,Kothadia,Ahmedabad,Gujarat,India,382460,1
275,Krishnanagar,Ahmedabad,Gujarat,India,382345,1
276,Kubadthal,Ahmedabad,Gujarat,India,382430,1
277,Kubernagar,Ahmedabad,Gujarat,India,382340,1
278,Kubernagar B A,Ahmedabad,Gujarat,India,382340,1
279,Kuha,Ahmedabad,Gujarat,India,382433,1
280,Kujad,Ahmedabad,Gujarat,India,382430,1
281,Kukvav,Ahmedabad,Gujarat,India,382120,1
282,Kumarkhan,Ahmedabad,Gujarat,India,382150,1
283,Kundal,Ahmedabad,Gujarat,India,382450,1
284,Kundal,Ahmedabad,Gujarat,India,382110,1
285,Kundli,Ahmedabad,Gujarat,India,382245,1
286,Kunpur,Ahmedabad,Gujarat,India,382130,1
287,Kunvar,Ahmedabad,Gujarat,India,382110,1
288,L G Hospital,Ahmedabad,Gujarat,India,380008,1
289,Lal Darwaja,Ahmedabad,Gujarat,India,380001,1
290,Lambha,Ahmedabad,Gujarat,India,382405,1
291,Lapkaman,Ahmedabad,Gujarat,India,382210,1
292,Limbadia,Ahmedabad,Gujarat,India,382330,1
293,Loliya,Ahmedabad,Gujarat,India,382465,1
294,Lothal,Ahmedabad,Gujarat,India,382230,1
295,Lothal Bhurkhi RS,Ahmedabad,Gujarat,India,382230,1
296,M D Marg,Ahmedabad,Gujarat,India,380022,1
297,Madhupura Market,Ahmedabad,Gujarat,India,380004,1
298,Madrisana,Ahmedabad,Gujarat,India,382145,1
299,Mahijada,Ahmedabad,Gujarat,India,382425,1
300,Makarba,Ahmedabad,Gujarat,India,380051,1
301,Makhiav,Ahmedabad,Gujarat,India,382110,1
302,Mandal,Ahmedabad,Gujarat,India,382130,1
303,Mandvi,Ahmedabad,Gujarat,India,382430,1
304,Manek Chowk,Ahmedabad,Gujarat,India,380001,1
305,Manekbag,Ahmedabad,Gujarat,India,380015,1
306,Maninagar,Ahmedabad,Gujarat,India,380008,1
307,Manipur,Ahmedabad,Gujarat,India,382150,1
308,Mankol,Ahmedabad,Gujarat,India,382110,1
309,Marusana,Ahmedabad,Gujarat,India,382120,1
310,Matoda,Ahmedabad,Gujarat,India,382213,1
311,Medra,Ahmedabad,Gujarat,India,382330,1
312,Meghani Nagar,Ahmedabad,Gujarat,India,380016,1
313,Meghaningar,Ahmedabad,Gujarat,India,380016,1
314,Melaj,Ahmedabad,Gujarat,India,382150,1
315,Memnagar,Ahmedabad,Gujarat,India,380052,1
316,Mingalpur,Ahmedabad,Gujarat,India,382455,1
317,Miroli,Ahmedabad,Gujarat,India,382425,1
318,Mirzapur,Ahmedabad,Gujarat,India,380001,1
319,Mithapur,Ahmedabad,Gujarat,India,382230,1
320,Modasar,Ahmedabad,Gujarat,India,382220,1
321,Moraiya,Ahmedabad,Gujarat,India,382213,1
322,Mota Tradia,Ahmedabad,Gujarat,India,382460,1
323,Motera,Ahmedabad,Gujarat,India,380005,1
324,Moti Boru,Ahmedabad,Gujarat,India,382230,1
325,Moti Kishol,Ahmedabad,Gujarat,India,382110,1
326,Moti Rantai,Ahmedabad,Gujarat,India,382145,1
327,Moti Vavdi,Ahmedabad,Gujarat,India,382255,1
328,Muktipur,Ahmedabad,Gujarat,India,382425,1
329,Municipal Corporation,Ahmedabad,Gujarat,India,380001,1
330,N C Market,Ahmedabad,Gujarat,India,380002,1
331,N C Mills,Ahmedabad,Gujarat,India,382345,1
332,Nadishala,Ahmedabad,Gujarat,India,382120,1
333,Nana Chiloda,Ahmedabad,Gujarat,India,382330,1
334,Nana Ubhada,Ahmedabad,Gujarat,India,382130,1
335,Nandej,Ahmedabad,Gujarat,India,382435,1
336,Nani Boru,Ahmedabad,Gujarat,India,382230,1
337,Nani Devti,Ahmedabad,Gujarat,India,382220,1
338,Nani Vavdi,Ahmedabad,Gujarat,India,382245,1
339,Nanodara,Ahmedabad,Gujarat,India,382220,1
340,Naranpura,Ahmedabad,Gujarat,India,380013,1
341,Naranpura Vistar,Ahmedabad,Gujarat,India,380013,1
342,Narayannagar,Ahmedabad,Gujarat,India,380007,1
343,Naroda,Ahmedabad,Gujarat,India,382330,1
344,Naroda GIDC,Ahmedabad,Gujarat,India,382330,1
345,Naroda I E,Ahmedabad,Gujarat,India,382330,1
346,Naroda Road,Ahmedabad,Gujarat,India,382345,1
347,Naroda S A,Ahmedabad,Gujarat,India,382330,1
348,Narol,Ahmedabad,Gujarat,India,382405,1
349,Nava Naroda,Ahmedabad,Gujarat,India,382330,1
350,Nava Vadaj,Ahmedabad,Gujarat,India,380013,1
351,Navagam,Ahmedabad,Gujarat,India,382130,1
352,Navapura,Ahmedabad,Gujarat,India,382210,1
353,Navda,Ahmedabad,Gujarat,India,382450,1
354,Navi Ranip,Ahmedabad,Gujarat,India,382480,1
355,Navjivan,Ahmedabad,Gujarat,India,380014,1
356,Navrangpura,Ahmedabad,Gujarat,India,380009,1
357,Nayakpur,Ahmedabad,Gujarat,India,382130,1
358,Nedharad,Ahmedabad,Gujarat,India,382115,1
359,Nesda,Ahmedabad,Gujarat,India,382225,1
360,Nikol,Ahmedabad,Gujarat,India,382350,1
361,Nirnaynagar,Ahmedabad,Gujarat,India,382481,1
362,Noblenagar,Ahmedabad,Gujarat,India,382340,1
363,O N G C,Ahmedabad,Gujarat,India,380005,1
364,Ode,Ahmedabad,Gujarat,India,382427,1
365,Odhav,Ahmedabad,Gujarat,India,382415,1
366,Odhav GIDC,Ahmedabad,Gujarat,India,382415,1
367,Odhav Industrial Estate,Ahmedabad,Gujarat,India,382415,1
368,Ogan,Ahmedabad,Gujarat,India,382150,1
369,Ognaj,Ahmedabad,Gujarat,India,380060,1
370,Otaria,Ahmedabad,Gujarat,India,382463,1
371,Otaria Sarvodaya Ashram,Ahmedabad,Gujarat,India,382463,1
372,Padana,Ahmedabad,Gujarat,India,382460,1
373,Paldi,Ahmedabad,Gujarat,India,380007,1
375,Paldi Kankaj,Ahmedabad,Gujarat,India,382425,1
376,Panar,Ahmedabad,Gujarat,India,382140,1
377,Panchham,Ahmedabad,Gujarat,India,382465,1
378,Panchhi,Ahmedabad,Gujarat,India,382455,1
379,Pandharpura,Ahmedabad,Gujarat,India,382140,1
380,Parabadi,Ahmedabad,Gujarat,India,382250,1
381,Pardhol,Ahmedabad,Gujarat,India,382330,1
382,Pasunj,Ahmedabad,Gujarat,India,382430,1
383,Pimpan,Ahmedabad,Gujarat,India,382110,1
384,Piplaj,Ahmedabad,Gujarat,India,382315,1
385,Pipli,Ahmedabad,Gujarat,India,382465,1
386,Pirana,Ahmedabad,Gujarat,India,382405,1
387,Pisawada,Ahmedabad,Gujarat,India,382265,1
388,Polarpur,Ahmedabad,Gujarat,India,382250,1
389,Polytechnic,Ahmedabad,Gujarat,India,380015,1
390,Prahlad Nagar,Ahmedabad,Gujarat,India,380015,1
391,Public Office,Ahmedabad,Gujarat,India,380016,1
392,Rahemalpur,Ahmedabad,Gujarat,India,382150,1
393,Raikhad,Ahmedabad,Gujarat,India,380001,1
394,Railway Colony,Ahmedabad,Gujarat,India,380019,1
395,Railwaypura,Ahmedabad,Gujarat,India,380002,1
396,Raipur,Ahmedabad,Gujarat,India,380001,1
397,Rajoda,Ahmedabad,Gujarat,India,382220,1
398,Rajpur Gomtipur,Ahmedabad,Gujarat,India,380021,1
399,Rajpura,Ahmedabad,Gujarat,India,382245,1
400,Rakhial,Ahmedabad,Gujarat,India,380023,1
401,Rakhial Udyog Vistar,Ahmedabad,Gujarat,India,380023,1
402,Rakhiana,Ahmedabad,Gujarat,India,382130,1
403,Ramol,Ahmedabad,Gujarat,India,382449,1
404,Rampur,Ahmedabad,Gujarat,India,382225,1
405,Rampura,Ahmedabad,Gujarat,India,382450,1
406,Rampura,Ahmedabad,Gujarat,India,382140,1
407,Ranesar,Ahmedabad,Gujarat,India,382220,1
408,Rangpur,Ahmedabad,Gujarat,India,382150,1
409,Ranip,Ahmedabad,Gujarat,India,382480,1
410,Ranoda,Ahmedabad,Gujarat,India,382225,1
411,Ranodra,Ahmedabad,Gujarat,India,382433,1
412,Ranpur,Ahmedabad,Gujarat,India,382245,1
413,Rasam,Ahmedabad,Gujarat,India,382220,1
414,Rayka,Ahmedabad,Gujarat,India,382460,1
415,Raysan,Ahmedabad,Gujarat,India,382421,1
416,Refda,Ahmedabad,Gujarat,India,382255,1
417,Rethal,Ahmedabad,Gujarat,India,382110,1
418,Revdibazar,Ahmedabad,Gujarat,India,380002,1
419,Ribadi,Ahmedabad,Gujarat,India,382130,1
420,Rohika,Ahmedabad,Gujarat,India,382230,1
421,Rojid,Ahmedabad,Gujarat,India,382450,1
422,Rojka,Ahmedabad,Gujarat,India,382460,1
423,Ropda,Ahmedabad,Gujarat,India,382230,1
424,Rudatal,Ahmedabad,Gujarat,India,382120,1
425,Rupal,Ahmedabad,Gujarat,India,382220,1
426,Rupgadh,Ahmedabad,Gujarat,India,382240,1
427,S A C,Ahmedabad,Gujarat,India,380015,1
428,S A Mills,Ahmedabad,Gujarat,India,380008,1
429,Sabarmati,Ahmedabad,Gujarat,India,380005,1
430,Sachana,Ahmedabad,Gujarat,India,382150,1
431,Sadatpura,Ahmedabad,Gujarat,India,382120,1
432,Sahij,Ahmedabad,Gujarat,India,382225,1
433,Saijpur,Ahmedabad,Gujarat,India,382405,1
434,Saijpur Bogha,Ahmedabad,Gujarat,India,382345,1
435,Saiwada,Ahmedabad,Gujarat,India,382225,1
436,Salajada,Ahmedabad,Gujarat,India,382220,1
437,Salangpur Hanuman,Ahmedabad,Gujarat,India,382450,1
438,Salasar,Ahmedabad,Gujarat,India,382460,1
439,Sanand,Ahmedabad,Gujarat,India,382110,1
440,Sanathal,Ahmedabad,Gujarat,India,382210,1
441,Sandhida,Ahmedabad,Gujarat,India,382455,1
442,Sangasar,Ahmedabad,Gujarat,India,382463,1
443,Sangpura,Ahmedabad,Gujarat,India,382120,1
444,Sankod,Ahmedabad,Gujarat,India,382220,1
445,Sarandi,Ahmedabad,Gujarat,India,382225,1
446,Saraspur,Ahmedabad,Gujarat,India,380018,1
447,Sardarnagar,Ahmedabad,Gujarat,India,382475,1
448,Sargwala,Ahmedabad,Gujarat,India,382230,1
449,Sari,Ahmedabad,Gujarat,India,382220,1
450,Sarkhej,Ahmedabad,Gujarat,India,382210,1
451,Sarkhej GIDC,Ahmedabad,Gujarat,India,382210,1
452,Sarkhej Road,Ahmedabad,Gujarat,India,380007,1
453,Saroda,Ahmedabad,Gujarat,India,382260,1
454,Sarsavadi,Ahmedabad,Gujarat,India,382150,1
455,Satellite,Ahmedabad,Gujarat,India,380015,1
456,Sathal,Ahmedabad,Gujarat,India,382225,1
457,Science City,Ahmedabad,Gujarat,India,380060,1
458,Shah Alam Roza,Ahmedabad,Gujarat,India,380028,1
459,Shahibag,Ahmedabad,Gujarat,India,380004,1
460,Shahibaug,Ahmedabad,Gujarat,India,380004,1
461,Shahpur,Ahmedabad,Gujarat,India,382150,1
462,Shahpur,Ahmedabad,Gujarat,India,382250,1
463,Shahpur Ahmedabad,Ahmedabad,Gujarat,India,380004,1
464,Shahwadi,Ahmedabad,Gujarat,India,382405,1
465,Shardanagar,Ahmedabad,Gujarat,India,380007,1
466,Shastrinagar Ahmedabad,Ahmedabad,Gujarat,India,380013,1
467,Shela,Ahmedabad,Gujarat,India,380058,1
468,Sher,Ahmedabad,Gujarat,India,382130,1
469,Sherpura,Ahmedabad,Gujarat,India,382225,1
470,Shilaj,Ahmedabad,Gujarat,India,380059,1
471,Shivpura,Ahmedabad,Gujarat,India,382140,1
472,Shivranjani,Ahmedabad,Gujarat,India,382455,1
473,Shiyal,Ahmedabad,Gujarat,India,382230,1
474,Siawada,Ahmedabad,Gujarat,India,382170,1
475,Sihor,Ahmedabad,Gujarat,India,382140,1
476,Simej,Ahmedabad,Gujarat,India,382265,1
477,Sinaj,Ahmedabad,Gujarat,India,382120,1
478,Sindharej,Ahmedabad,Gujarat,India,382225,1
479,Sitapur,Ahmedabad,Gujarat,India,382130,1
480,Sobhasan,Ahmedabad,Gujarat,India,382145,1
481,Sodhi,Ahmedabad,Gujarat,India,382463,1
482,Sola,Ahmedabad,Gujarat,India,380061,1
483,Sola H B C,Ahmedabad,Gujarat,India,380063,1
484,Solgam,Ahmedabad,Gujarat,India,382130,1
485,South Bopal,Ahmedabad,Gujarat,India,380058,1
486,Stadium Marg,Ahmedabad,Gujarat,India,380013,1
487,Sub Foreign,Ahmedabad,Gujarat,India,380004,1
488,Sukhrampura,Ahmedabad,Gujarat,India,380023,1
489,Sunderiana,Ahmedabad,Gujarat,India,382255,1
490,Sunvala,Ahmedabad,Gujarat,India,382145,1
491,T B Nagar,Ahmedabad,Gujarat,India,382350,1
492,Tagadi,Ahmedabad,Gujarat,India,382250,1
493,Telav,Ahmedabad,Gujarat,India,382210,1
494,Telavi,Ahmedabad,Gujarat,India,382145,1
495,Thakkarbapa Nagar,Ahmedabad,Gujarat,India,380027,1
496,Thaltej,Ahmedabad,Gujarat,India,380059,1
497,Thaltej Ext,Ahmedabad,Gujarat,India,380059,1
498,Thaltej Road,Ahmedabad,Gujarat,India,380054,1
499,Thori Mubarak,Ahmedabad,Gujarat,India,382150,1
500,Thori Thumbha,Ahmedabad,Gujarat,India,382150,1
501,Thuleta,Ahmedabad,Gujarat,India,382150,1
502,Timba,Ahmedabad,Gujarat,India,382425,1
503,Tragad,Ahmedabad,Gujarat,India,382470,1
504,Transad,Ahmedabad,Gujarat,India,382225,1
505,Trent,Ahmedabad,Gujarat,India,382150,1
506,Ughroj,Ahmedabad,Gujarat,India,382120,1
507,Ukardi,Ahmedabad,Gujarat,India,382140,1
508,Ukhlod,Ahmedabad,Gujarat,India,382150,1
509,Umrela,Ahmedabad,Gujarat,India,382245,1
510,Unchadi,Ahmedabad,Gujarat,India,382250,1
511,Undrel,Ahmedabad,Gujarat,India,382433,1
512,Upardal,Ahmedabad,Gujarat,India,382110,1
513,Utelia,Ahmedabad,Gujarat,India,382230,1
514,Vadaj,Ahmedabad,Gujarat,India,380013,1
515,Vadgas,Ahmedabad,Gujarat,India,382150,1
516,Vadhela,Ahmedabad,Gujarat,India,382450,1
517,Vadod,Ahmedabad,Gujarat,India,382433,1
518,Vagad,Ahmedabad,Gujarat,India,382245,1
519,Valdhera,Ahmedabad,Gujarat,India,382225,1
520,Valhia,Ahmedabad,Gujarat,India,382450,1
521,Valinda,Ahmedabad,Gujarat,India,382463,1
522,Vanch,Ahmedabad,Gujarat,India,382449,1
523,Vani,Ahmedabad,Gujarat,India,382150,1
524,Vanpardi,Ahmedabad,Gujarat,India,382130,1
525,Vansva,Ahmedabad,Gujarat,India,382150,1
526,Vanthal,Ahmedabad,Gujarat,India,382150,1
527,Varmor,Ahmedabad,Gujarat,India,382130,1
528,Varna,Ahmedabad,Gujarat,India,382265,1
529,Vasai,Ahmedabad,Gujarat,India,382425,1
530,Vasisthnagar,Ahmedabad,Gujarat,India,380008,1
531,Vasna,Ahmedabad,Gujarat,India,382460,1
532,Vasna Chacharvadi,Ahmedabad,Gujarat,India,382213,1
533,Vasna Iawa,Ahmedabad,Gujarat,India,382170,1
534,Vastral,Ahmedabad,Gujarat,India,382418,1
535,Vastrapur,Ahmedabad,Gujarat,India,380015,1
536,Vataman,Ahmedabad,Gujarat,India,382265,1
537,Vatva,Ahmedabad,Gujarat,India,382440,1
538,Vatva GIDC,Ahmedabad,Gujarat,India,382445,1
539,Vatva Industrial Estate,Ahmedabad,Gujarat,India,382445,1
540,Vautha,Ahmedabad,Gujarat,India,382225,1
541,Vehlal,Ahmedabad,Gujarat,India,382330,1
542,Vejalka,Ahmedabad,Gujarat,India,382230,1
543,Vejalpur,Ahmedabad,Gujarat,India,380051,1
544,Vekaria,Ahmedabad,Gujarat,India,382110,1
545,Vinchhan,Ahmedabad,Gujarat,India,382120,1
546,Vinchhiya,Ahmedabad,Gujarat,India,382110,1
547,Vinzol,Ahmedabad,Gujarat,India,382445,1
548,Vinzuvada,Ahmedabad,Gujarat,India,382130,1
549,Viramgam,Ahmedabad,Gujarat,India,382150,1
550,Virdi,Ahmedabad,Gujarat,India,382265,1
551,Virochannagar,Ahmedabad,Gujarat,India,382170,1
552,Vishalpur,Ahmedabad,Gujarat,India,382210,1
553,Vithlpura,Ahmedabad,Gujarat,India,382120,1
554,VivekanandNagar,Ahmedabad,Gujarat,India,382445,1
555,Waghodia,Ahmedabad,Gujarat,India,382355,1
556,Zanu,Ahmedabad,Gujarat,India,382430,1
557,Zanzarka,Ahmedabad,Gujarat,India,382460,1
558,Zanzarva,Ahmedabad,Gujarat,India,382120,1
559,Zezra,Ahmedabad,Gujarat,India,382150,1
560,Zinzar,Ahmedabad,Gujarat,India,382250,1
561,Zundal,Ahmedabad,Gujarat,India,382213,1
