id,name,state_name,country_name,created_by
1,Adalaj,Gujarat,India,1
2,Agol,Gujarat,India,1
3,Abrama,Gujarat,India,1
4,Ahmedabad,Gujarat,India,1
5,Ahwa,Gujarat,India,1
6,Akrund,Gujarat,India,1
7,Amod,Gujarat,India,1
8,Amreli,Gujarat,India,1
9,Amroli,Gujarat,India,1
10,Anand,Gujarat,India,1
11,Anjar,Gujarat,India,1
12,Ankleshwar,Gujarat,India,1
13,Babra,Gujarat,India,1
14,Bagasara,Gujarat,India,1
15,Bagasra,Gujarat,India,1
16,Bakharla,Gujarat,India,1
17,Balagam,Gujarat,India,1
18,Balasinor,Gujarat,India,1
19,Balisana,Gujarat,India,1
20,Bamanbore,Gujarat,India,1
21,Banas Kantha,Gujarat,India,1
22,Bandia,Gujarat,India,1
23,Bantva,Gujarat,India,1
24,Bardoli,Gujarat,India,1
25,Bavla,Gujarat,India,1
26,Bedi,Gujarat,India,1
27,Bhachau,Gujarat,India,1
28,Bhadran,Gujarat,India,1
29,Bhandu,Gujarat,India,1
30,Bhanvad,Gujarat,India,1
31,Bharuch,Gujarat,India,1
32,Bhatha,Gujarat,India,1
33,Bhavnagar,Gujarat,India,1
34,Bhayavadar,Gujarat,India,1
35,Bhildi,Gujarat,India,1
36,Bhojpur Dharampur,Gujarat,India,1
37,Bhuj,Gujarat,India,1
38,Bilimora,Gujarat,India,1
39,Bilkha,Gujarat,India,1
40,Borsad,Gujarat,India,1
41,Botad,Gujarat,India,1
42,Chaklasi,Gujarat,India,1
43,Chalala,Gujarat,India,1
44,Chaloda,Gujarat,India,1
45,Champaner,Gujarat,India,1
46,Chanasma,Gujarat,India,1
47,Chhala,Gujarat,India,1
48,Chhota Udepur,Gujarat,India,1
49,Chikhli,Gujarat,India,1
50,Chotila,Gujarat,India,1
51,Chuda,Gujarat,India,1
52,Dabhoda,Gujarat,India,1
53,Dabhoi,Gujarat,India,1
54,Dahegam,Gujarat,India,1
55,Dahod,Gujarat,India,1
56,Dakor,Gujarat,India,1
57,Damnagar,Gujarat,India,1
58,Dandi,Gujarat,India,1
59,Danta,Gujarat,India,1
60,Dayapar,Gujarat,India,1
61,Delvada,Gujarat,India,1
62,Delwada,Gujarat,India,1
63,Detroj,Gujarat,India,1
64,Devbhumi Dwarka,Gujarat,India,1
65,Devgadh Bariya,Gujarat,India,1
66,Dhandhuka,Gujarat,India,1
67,Dhanera,Gujarat,India,1
68,Dhansura,Gujarat,India,1
69,Dharampur,Gujarat,India,1
70,Dharasana,Gujarat,India,1
71,Dhari,Gujarat,India,1
72,Dhasa,Gujarat,India,1
73,Dhola,Gujarat,India,1
74,Dholera,Gujarat,India,1
75,Dholka,Gujarat,India,1
76,Dhoraji,Gujarat,India,1
77,Dhrangadhra,Gujarat,India,1
78,Dhrol,Gujarat,India,1
79,Dhuwaran,Gujarat,India,1
80,Disa,Gujarat,India,1
81,Dohad,Gujarat,India,1
82,Dumkhal,Gujarat,India,1
83,Dungarpur,Gujarat,India,1
84,Dwarka,Gujarat,India,1
85,Gadhada,Gujarat,India,1
86,Gandevi,Gujarat,India,1
87,Gandhidham,Gujarat,India,1
88,Gandhinagar,Gujarat,India,1
89,Gariadhar,Gujarat,India,1
90,Ghodasar,Gujarat,India,1
91,Ghogha,Gujarat,India,1
92,Gir Somnath,Gujarat,India,1
93,Godhra,Gujarat,India,1
94,Gondal,Gujarat,India,1
95,Gorwa,Gujarat,India,1
96,Halenda,Gujarat,India,1
97,Halol,Gujarat,India,1
98,Halvad,Gujarat,India,1
99,Hansot,Gujarat,India,1
100,Harij,Gujarat,India,1
101,Harsol,Gujarat,India,1
102,Hathuran,Gujarat,India,1
103,Himatnagar,Gujarat,India,1
104,Idar,Gujarat,India,1
105,Jakhau,Gujarat,India,1
106,Jalalpore,Gujarat,India,1
107,Jalalpur,Gujarat,India,1
108,Jalia,Gujarat,India,1
109,Jambuda,Gujarat,India,1
110,Jambusar,Gujarat,India,1
111,Jamnagar,Gujarat,India,1
112,Jarod,Gujarat,India,1
113,Jasdan,Gujarat,India,1
114,Jetalpur,Gujarat,India,1
115,Jetalsar,Gujarat,India,1
116,Jetpur,Gujarat,India,1
117,Jhalod,Gujarat,India,1
118,Jhulasan,Gujarat,India,1
119,Jodhpur,Gujarat,India,1
120,Jodhpur (Ahmedabad),Gujarat,India,1
121,Junagadh,Gujarat,India,1
122,Kachchh,Gujarat,India,1
123,Kachholi,Gujarat,India,1
124,Kadi,Gujarat,India,1
125,Kadod,Gujarat,India,1
126,Kalavad,Gujarat,India,1
127,Kalol,Gujarat,India,1
128,Kandla,Gujarat,India,1
129,Kandla port,Gujarat,India,1
130,Kanodar,Gujarat,India,1
131,Kapadvanj,Gujarat,India,1
132,Karamsad,Gujarat,India,1
133,Kariana,Gujarat,India,1
134,Karjan,Gujarat,India,1
135,Kathor,Gujarat,India,1
136,Katpur,Gujarat,India,1
137,Kawant,Gujarat,India,1
138,Kayavarohan,Gujarat,India,1
139,Kerwada,Gujarat,India,1
140,Keshod,Gujarat,India,1
141,Khambhalia,Gujarat,India,1
142,Khambhat,Gujarat,India,1
143,Khavda,Gujarat,India,1
144,Kheda,Gujarat,India,1
145,Khedbrahma,Gujarat,India,1
146,Khedoi,Gujarat,India,1
147,Kherali,Gujarat,India,1
148,Kheralu,Gujarat,India,1
149,Kodinar,Gujarat,India,1
150,Kosamba,Gujarat,India,1
151,Kothara,Gujarat,India,1
152,Kotharia,Gujarat,India,1
153,Kukarmunda,Gujarat,India,1
154,Kukma,Gujarat,India,1
155,Kundla,Gujarat,India,1
156,Kutch district,Gujarat,India,1
157,Kutiyana,Gujarat,India,1
158,Ladol,Gujarat,India,1
159,Lakhpat,Gujarat,India,1
160,Lakhtar,Gujarat,India,1
161,Lalpur,Gujarat,India,1
162,Langhnaj,Gujarat,India,1
163,Lathi,Gujarat,India,1
164,Limbdi,Gujarat,India,1
165,Limkheda,Gujarat,India,1
166,Lunavada,Gujarat,India,1
167,Madhavpur Ghed,Gujarat,India,1
168,Madhi,Gujarat,India,1
169,Mahemdavad,Gujarat,India,1
170,Mahesana,Gujarat,India,1
171,Mahisa,Gujarat,India,1
172,Mahudha,Gujarat,India,1
173,Mahuva,Gujarat,India,1
174,Mahuva (Surat),Gujarat,India,1
175,Malpur,Gujarat,India,1
176,Manavadar,Gujarat,India,1
177,Mandal,Gujarat,India,1
178,Mandvi,Gujarat,India,1
179,Mandvi (Surat),Gujarat,India,1
180,Mangrol,Gujarat,India,1
181,Mangrol (Junagadh),Gujarat,India,1
182,Mansa,Gujarat,India,1
183,Meghraj,Gujarat,India,1
184,Mehsana,Gujarat,India,1
185,Mendarda,Gujarat,India,1
186,Mithapur,Gujarat,India,1
187,Modasa,Gujarat,India,1
188,Morbi,Gujarat,India,1
189,Morva (Hadaf),Gujarat,India,1
190,Morwa,Gujarat,India,1
191,Mundra,Gujarat,India,1
192,Nadiad,Gujarat,India,1
193,Nagwa,Gujarat,India,1
194,Naldhara,Gujarat,India,1
195,Naliya,Gujarat,India,1
196,Nargol,Gujarat,India,1
197,Narmada,Gujarat,India,1
198,Naroda,Gujarat,India,1
199,Navsari,Gujarat,India,1
200,Nikora,Gujarat,India,1
201,Nizar,Gujarat,India,1
202,Odadar,Gujarat,India,1
203,Okha,Gujarat,India,1
204,Olpad,Gujarat,India,1
205,Paddhari,Gujarat,India,1
206,Padra,Gujarat,India,1
207,Palanpur,Gujarat,India,1
208,Palanswa,Gujarat,India,1
209,Palitana,Gujarat,India,1
210,Paliyad,Gujarat,India,1
211,Palsana,Gujarat,India,1
212,Panch Mahals,Gujarat,India,1
213,Panchmahal district,Gujarat,India,1
214,Pardi,Gujarat,India,1
215,Parnera,Gujarat,India,1
216,Patan,Gujarat,India,1
217,Pavi Jetpur,Gujarat,India,1
218,Petlad,Gujarat,India,1
219,Pipavav,Gujarat,India,1
220,Piplod,Gujarat,India,1
221,Porbandar,Gujarat,India,1
222,Prabhas Patan,Gujarat,India,1
223,Prantij,Gujarat,India,1
224,Radhanpur,Gujarat,India,1
225,Rajkot,Gujarat,India,1
226,Rajpipla,Gujarat,India,1
227,Rajula,Gujarat,India,1
228,Ranavav,Gujarat,India,1
229,Ranpur,Gujarat,India,1
230,Rapar,Gujarat,India,1
231,Reha,Gujarat,India,1
232,Roha,Gujarat,India,1
233,Sabar Kantha,Gujarat,India,1
234,Sachin,Gujarat,India,1
235,Salaya,Gujarat,India,1
236,Samakhiali,Gujarat,India,1
237,Sanand,Gujarat,India,1
238,Sankheda,Gujarat,India,1
239,Sarbhon,Gujarat,India,1
240,Sardoi,Gujarat,India,1
241,Sarkhej,Gujarat,India,1
242,Sathamba,Gujarat,India,1
243,Savarkundla,Gujarat,India,1
244,Savli,Gujarat,India,1
245,Sayla,Gujarat,India,1
246,Shahpur,Gujarat,India,1
247,Shivrajpur,Gujarat,India,1
248,Siddhpur,Gujarat,India,1
249,Sihor,Gujarat,India,1
250,Sikka,Gujarat,India,1
251,Sinor,Gujarat,India,1
252,Sojitra,Gujarat,India,1
253,Songadh,Gujarat,India,1
254,Supedi,Gujarat,India,1
255,Surat,Gujarat,India,1
256,Surendranagar,Gujarat,India,1
257,Sutrapada,Gujarat,India,1
258,Talaja,Gujarat,India,1
259,Tankara,Gujarat,India,1
260,Tapi,Gujarat,India,1
261,Than,Gujarat,India,1
262,Thangadh,Gujarat,India,1
263,Tharad,Gujarat,India,1
264,Thasra,Gujarat,India,1
265,The Dangs,Gujarat,India,1
266,Umarpada,Gujarat,India,1
267,Umrala,Gujarat,India,1
268,Umreth,Gujarat,India,1
269,Un,Gujarat,India,1
270,Una,Gujarat,India,1
271,Unjha,Gujarat,India,1
272,Upleta,Gujarat,India,1
273,Utran,Gujarat,India,1
274,Vadgam,Gujarat,India,1
275,Vadnagar,Gujarat,India,1
276,Vadodara,Gujarat,India,1
277,Vaghodia,Gujarat,India,1
278,Vaghodia INA,Gujarat,India,1
279,Vallabh Vidyanagar,Gujarat,India,1
280,Vallabhipur,Gujarat,India,1
281,Valsad,Gujarat,India,1
282,Vanala,Gujarat,India,1
283,Vansda,Gujarat,India,1
284,Vanthli,Gujarat,India,1
285,Vapi,Gujarat,India,1
286,Vartej,Gujarat,India,1
287,Vasa,Gujarat,India,1
288,Vasavad,Gujarat,India,1
289,Vaso,Gujarat,India,1
290,Vataman,Gujarat,India,1
291,Vejalpur,Gujarat,India,1
292,Veraval,Gujarat,India,1
293,Vijapur,Gujarat,India,1
294,Vinchhiya,Gujarat,India,1
295,Viramgam,Gujarat,India,1
296,Virpur,Gujarat,India,1
297,Visavadar,Gujarat,India,1
298,Visnagar,Gujarat,India,1
299,Vyara,Gujarat,India,1
300,Wadhai,Gujarat,India,1
301,Wadhwan,Gujarat,India,1
302,Waghai,Gujarat,India,1
303,Wankaner,Gujarat,India,1
304,Achalpur,Maharashtra,India,1
305,Adawad,Maharashtra,India,1
306,Agar Panchaitan,Maharashtra,India,1
307,Aheri,Maharashtra,India,1
308,Ahmadpur,Maharashtra,India,1
309,Ahmednagar,Maharashtra,India,1
310,Airoli,Maharashtra,India,1
311,Ajara,Maharashtra,India,1
312,Akalkot,Maharashtra,India,1
313,Akluj,Maharashtra,India,1
314,Akola,Maharashtra,India,1
315,Akolner,Maharashtra,India,1
316,Akot,Maharashtra,India,1
317,Akrani,Maharashtra,India,1
318,Alandi,Maharashtra,India,1
319,Ale,Maharashtra,India,1
320,Alibag,Maharashtra,India,1
321,Alkuti,Maharashtra,India,1
322,Allapalli,Maharashtra,India,1
323,Amalner,Maharashtra,India,1
324,Amarnath,Maharashtra,India,1
325,Ambad,Maharashtra,India,1
326,Ambajogai,Maharashtra,India,1
327,Ambegaon,Maharashtra,India,1
328,Ambernath,Maharashtra,India,1
329,Amgaon,Maharashtra,India,1
330,Amravati,Maharashtra,India,1
331,Andheri,Maharashtra,India,1
332,Andura,Maharashtra,India,1
333,Anjangaon,Maharashtra,India,1
334,Anjarle,Maharashtra,India,1
335,Anshing,Maharashtra,India,1
336,Arag,Maharashtra,India,1
337,Arangaon,Maharashtra,India,1
338,Ardhapur,Maharashtra,India,1
339,Argaon,Maharashtra,India,1
340,Artist Village,Maharashtra,India,1
341,Arvi,Maharashtra,India,1
342,Ashta,Maharashtra,India,1
343,Ashti,Maharashtra,India,1
344,Asoda,Maharashtra,India,1
345,Assaye,Maharashtra,India,1
346,Astagaon,Maharashtra,India,1
347,Aundh Satara,Maharashtra,India,1
348,Aurangabad,Maharashtra,India,1
349,Ausa,Maharashtra,India,1
350,Badlapur,Maharashtra,India,1
351,Badnapur,Maharashtra,India,1
352,Badnera,Maharashtra,India,1
353,Bagewadi,Maharashtra,India,1
354,Balapur,Maharashtra,India,1
355,Ballalpur,Maharashtra,India,1
356,Ballard Estate,Maharashtra,India,1
357,Ballarpur,Maharashtra,India,1
358,Banda Maharashtra,Maharashtra,India,1
359,Bandra,Maharashtra,India,1
360,Baner,Maharashtra,India,1
361,Bankot,Maharashtra,India,1
362,Baramati,Maharashtra,India,1
363,Barsi,Maharashtra,India,1
364,Basmat,Maharashtra,India,1
365,Bavdhan,Maharashtra,India,1
366,Bawanbir,Maharashtra,India,1
367,Beed,Maharashtra,India,1
368,Bhadgaon Maharashtra,Maharashtra,India,1
369,Bhandara,Maharashtra,India,1
370,Bhandardara,Maharashtra,India,1
371,Bhandup,Maharashtra,India,1
372,Bhayandar,Maharashtra,India,1
373,Bhigvan,Maharashtra,India,1
374,Bhiwandi,Maharashtra,India,1
375,Bhiwapur,Maharashtra,India,1
376,Bhokar,Maharashtra,India,1
377,Bhokardan,Maharashtra,India,1
378,Bhoom,Maharashtra,India,1
379,Bhor,Maharashtra,India,1
380,Bhudgaon,Maharashtra,India,1
381,Bhugaon,Maharashtra,India,1
382,Bhusaval,Maharashtra,India,1
383,Bijur,Maharashtra,India,1
384,Bilashi,Maharashtra,India,1
385,Biloli,Maharashtra,India,1
386,Boisar,Maharashtra,India,1
387,Borgaon Manju,Maharashtra,India,1
388,Borivali,Maharashtra,India,1
389,Brahmapuri,Maharashtra,India,1
390,Breach Candy,Maharashtra,India,1
391,Buldana,Maharashtra,India,1
392,Byculla,Maharashtra,India,1
393,Chakan,Maharashtra,India,1
394,Chakur,Maharashtra,India,1
395,Chalisgaon,Maharashtra,India,1
396,Chanda,Maharashtra,India,1
397,Chandgad,Maharashtra,India,1
398,Chandor,Maharashtra,India,1
399,Chandrapur,Maharashtra,India,1
400,Chandur,Maharashtra,India,1
401,Chandur Bazar,Maharashtra,India,1
402,Chausala,Maharashtra,India,1
403,Chembur,Maharashtra,India,1
404,Chicholi,Maharashtra,India,1
405,Chichondi Patil,Maharashtra,India,1
406,Chikhli (Buldhana),Maharashtra,India,1
407,Chikhli (Jalna),Maharashtra,India,1
408,Chimur,Maharashtra,India,1
409,Chinchani,Maharashtra,India,1
410,Chinchpokli,Maharashtra,India,1
411,Chiplun,Maharashtra,India,1
412,Chopda,Maharashtra,India,1
413,Colaba,Maharashtra,India,1
414,Dabhol,Maharashtra,India,1
415,Daddi,Maharashtra,India,1
416,Dahanu,Maharashtra,India,1
417,Dahivel,Maharashtra,India,1
418,Dapoli,Maharashtra,India,1
419,Darwha,Maharashtra,India,1
420,Daryapur,Maharashtra,India,1
421,Dattapur,Maharashtra,India,1
422,Daulatabad,Maharashtra,India,1
423,Daund,Maharashtra,India,1
424,Deccan Gymkhana,Maharashtra,India,1
425,Deglur,Maharashtra,India,1
426,Dehu,Maharashtra,India,1
427,Deolali,Maharashtra,India,1
428,Deolapar,Maharashtra,India,1
429,Deoli,Maharashtra,India,1
430,Deoni,Maharashtra,India,1
431,Deulgaon Raja,Maharashtra,India,1
432,Devrukh,Maharashtra,India,1
433,Dharangaon,Maharashtra,India,1
434,Dharavi,Maharashtra,India,1
435,Dharmabad,Maharashtra,India,1
436,Dharur,Maharashtra,India,1
437,Dhawalpuri,Maharashtra,India,1
438,Dhule,Maharashtra,India,1
439,Dhulia,Maharashtra,India,1
440,Dighori,Maharashtra,India,1
441,Diglur,Maharashtra,India,1
442,Digras,Maharashtra,India,1
443,Dindori Maharashtra,Maharashtra,India,1
444,Diveagar,Maharashtra,India,1
445,Dombivli,Maharashtra,India,1
446,Dondaicha,Maharashtra,India,1
447,Dongri,Maharashtra,India,1
448,Dudhani,Maharashtra,India,1
449,Durgapur,Maharashtra,India,1
450,Durgapur Chandrapur,Maharashtra,India,1
451,Erandol,Maharashtra,India,1
452,Faizpur,Maharashtra,India,1
453,Fort,Maharashtra,India,1
454,Gadchiroli,Maharashtra,India,1
455,Gadhinglaj,Maharashtra,India,1
456,Gangakher,Maharashtra,India,1
457,Gangapur,Maharashtra,India,1
458,Ganpatipule,Maharashtra,India,1
459,Gevrai,Maharashtra,India,1
460,Ghargaon,Maharashtra,India,1
461,Ghatanji,Maharashtra,India,1
462,Ghatkopar,Maharashtra,India,1
463,Ghoti Budrukh,Maharashtra,India,1
464,Ghugus,Maharashtra,India,1
465,Girgaon,Maharashtra,India,1
466,Gondia,Maharashtra,India,1
467,Gorai,Maharashtra,India,1
468,Goregaon,Maharashtra,India,1
469,Guhagar,Maharashtra,India,1
470,Hadapsar Pune,Maharashtra,India,1
471,Hadgaon,Maharashtra,India,1
472,Halkarni,Maharashtra,India,1
473,Harangul,Maharashtra,India,1
474,Harnai,Maharashtra,India,1
475,Helwak,Maharashtra,India,1
476,Hinganghat,Maharashtra,India,1
477,Hingoli,Maharashtra,India,1
478,Hirapur,Maharashtra,India,1
479,Hirapur Hamesha,Maharashtra,India,1
480,Hotgi,Maharashtra,India,1
481,Ichalkaranji,Maharashtra,India,1
482,Igatpuri,Maharashtra,India,1
483,Indapur,Maharashtra,India,1
484,Jaisingpur,Maharashtra,India,1
485,Jaitapur,Maharashtra,India,1
486,Jakhangaon,Maharashtra,India,1
487,Jalgaon,Maharashtra,India,1
488,Jalgaon Jamod,Maharashtra,India,1
489,Jalkot,Maharashtra,India,1
490,Jalna,Maharashtra,India,1
491,Jamkhed,Maharashtra,India,1
492,Jamod,Maharashtra,India,1
493,Janephal,Maharashtra,India,1
494,Jaoli,Maharashtra,India,1
495,Jat Sangli,Maharashtra,India,1
496,Jategaon,Maharashtra,India,1
497,Jawhar,Maharashtra,India,1
498,Jaysingpur,Maharashtra,India,1
499,Jejuri,Maharashtra,India,1
500,Jintur,Maharashtra,India,1
501,Jogeshwari,Maharashtra,India,1
502,Juhu,Maharashtra,India,1
503,Junnar,Maharashtra,India,1
504,Kachurwahi,Maharashtra,India,1
505,Kadegaon,Maharashtra,India,1
506,Kadus,Maharashtra,India,1
507,Kagal,Maharashtra,India,1
508,Kaij,Maharashtra,India,1
509,Kalamb,Maharashtra,India,1
510,Kalamb Osmanabad,Maharashtra,India,1
511,Kalamboli,Maharashtra,India,1
512,Kalamnuri,Maharashtra,India,1
513,Kalas,Maharashtra,India,1
514,Kali(DK),Maharashtra,India,1
515,Kalmeshwar,Maharashtra,India,1
516,Kalundri,Maharashtra,India,1
517,Kalyan,Maharashtra,India,1
518,Kalyani Nagar,Maharashtra,India,1
519,Kamargaon,Maharashtra,India,1
520,Kamatgi,Maharashtra,India,1
521,Kamptee,Maharashtra,India,1
522,Kandri,Maharashtra,India,1
523,Kankauli,Maharashtra,India,1
524,Kankavli,Maharashtra,India,1
525,Kannad,Maharashtra,India,1
526,Karad,Maharashtra,India,1
527,Karajagi,Maharashtra,India,1
528,Karanja,Maharashtra,India,1
529,Karanja Lad,Maharashtra,India,1
530,Karjat,Maharashtra,India,1
531,Karkamb,Maharashtra,India,1
532,Karmala,Maharashtra,India,1
533,Kasara,Maharashtra,India,1
534,Kasoda,Maharashtra,India,1
535,Kati,Maharashtra,India,1
536,Katol,Maharashtra,India,1
537,Katral,Maharashtra,India,1
538,Khadki,Maharashtra,India,1
539,Khalapur,Maharashtra,India,1
540,Khallar,Maharashtra,India,1
541,Khamgaon,Maharashtra,India,1
542,Khanapur,Maharashtra,India,1
543,Khandala,Maharashtra,India,1
544,Khangaon,Maharashtra,India,1
545,Khapa,Maharashtra,India,1
546,Kharakvasla,Maharashtra,India,1
547,Kharda,Maharashtra,India,1
548,Kharghar,Maharashtra,India,1
549,Kharsundi,Maharashtra,India,1
550,Khed,Maharashtra,India,1
551,Khetia,Maharashtra,India,1
552,Khoni,Maharashtra,India,1
553,Khopoli,Maharashtra,India,1
554,Khuldabad,Maharashtra,India,1
555,Kinwat,Maharashtra,India,1
556,Kodoli,Maharashtra,India,1
557,Kolhapur,Maharashtra,India,1
558,Kondalwadi,Maharashtra,India,1
559,Kondhali,Maharashtra,India,1
560,Kopar Khairane,Maharashtra,India,1
561,Kopargaon,Maharashtra,India,1
562,Kopela,Maharashtra,India,1
563,Koradi,Maharashtra,India,1
564,Koregaon,Maharashtra,India,1
565,Koynanagar,Maharashtra,India,1
566,Kudal,Maharashtra,India,1
567,Kuhi,Maharashtra,India,1
568,Kurandvad,Maharashtra,India,1
569,Kurankhed,Maharashtra,India,1
570,Kurduvadi,Maharashtra,India,1
571,Kusumba,Maharashtra,India,1
572,Lakhandur,Maharashtra,India,1
573,Lanja,Maharashtra,India,1
574,Lasalgaon,Maharashtra,India,1
575,Latur,Maharashtra,India,1
576,Lavasa,Maharashtra,India,1
577,Lohogaon,Maharashtra,India,1
578,Lonar,Maharashtra,India,1
579,Lonavla,Maharashtra,India,1
580,Mahabaleshwar,Maharashtra,India,1
581,Mahad,Maharashtra,India,1
582,Mahape,Maharashtra,India,1
583,Mahim,Maharashtra,India,1
584,Maindargi,Maharashtra,India,1
585,Majalgaon,Maharashtra,India,1
586,Makhjan,Maharashtra,India,1
587,Malabar Hill,Maharashtra,India,1
588,Malad,Maharashtra,India,1
589,Malegaon,Maharashtra,India,1
590,Malkapur,Maharashtra,India,1
591,Malvan,Maharashtra,India,1
592,Manchar,Maharashtra,India,1
593,Mandangad,Maharashtra,India,1
594,Mandhal,Maharashtra,India,1
595,Mandwa,Maharashtra,India,1
596,Mangaon,Maharashtra,India,1
597,Mangrul Pir,Maharashtra,India,1
598,Manjlegaon,Maharashtra,India,1
599,Mankeshwar,Maharashtra,India,1
600,Mankhurd,Maharashtra,India,1
601,Manmad,Maharashtra,India,1
602,Manor,Maharashtra,India,1
603,Mansar,Maharashtra,India,1
604,Manwat,Maharashtra,India,1
605,Maregaon,Maharashtra,India,1
606,Mastiholi,Maharashtra,India,1
607,Masur India,Maharashtra,India,1
608,Matheran,Maharashtra,India,1
609,Matunga,Maharashtra,India,1
610,Mazagaon,Maharashtra,India,1
611,Mehekar,Maharashtra,India,1
612,Mehergaon,Maharashtra,India,1
613,Mehkar,Maharashtra,India,1
614,Mhasla,Maharashtra,India,1
615,Mhasvad,Maharashtra,India,1
616,Miraj,Maharashtra,India,1
617,Mohadi,Maharashtra,India,1
618,Mohol,Maharashtra,India,1
619,Mohpa,Maharashtra,India,1
620,Mokhada taluka,Maharashtra,India,1
621,Mora Maharashtra,Maharashtra,India,1
622,Moram,Maharashtra,India,1
623,Morsi,Maharashtra,India,1
624,Mowad,Maharashtra,India,1
625,Mudkhed,Maharashtra,India,1
626,Mukher,Maharashtra,India,1
627,Mul,Maharashtra,India,1
628,Mulher,Maharashtra,India,1
629,Mulund,Maharashtra,India,1
630,Mumbai,Maharashtra,India,1
631,Mumbai Suburban,Maharashtra,India,1
632,Murbad,Maharashtra,India,1
633,Murgud,Maharashtra,India,1
634,Murtajapur,Maharashtra,India,1
635,Murud (Raigad),Maharashtra,India,1
636,Murud (Ratnagiri),Maharashtra,India,1
637,Murum,Maharashtra,India,1
638,Nadgaon,Maharashtra,India,1
639,Nagapur,Maharashtra,India,1
640,Nagothana,Maharashtra,India,1
641,Nagpur,Maharashtra,India,1
642,Nagpur Division,Maharashtra,India,1
643,Nala Sopara,Maharashtra,India,1
644,Naldurg,Maharashtra,India,1
645,Nalegaon,Maharashtra,India,1
646,Nampur,Maharashtra,India,1
647,Nanded,Maharashtra,India,1
648,Nandgaon,Maharashtra,India,1
649,Nandnee,Maharashtra,India,1
650,Nandura,Maharashtra,India,1
651,Nandura Buzurg,Maharashtra,India,1
652,Nandurbar,Maharashtra,India,1
653,Narayangaon,Maharashtra,India,1
654,Nardana,Maharashtra,India,1
655,Nariman Point,Maharashtra,India,1
656,Narkhed,Maharashtra,India,1
657,Nashik,Maharashtra,India,1
658,Nashik Division,Maharashtra,India,1
659,Navapur,Maharashtra,India,1
660,Navi Mumbai,Maharashtra,India,1
661,Neral,Maharashtra,India,1
662,Nerur,Maharashtra,India,1
663,Nevasa,Maharashtra,India,1
664,Nighoj,Maharashtra,India,1
665,Nilanga,Maharashtra,India,1
666,Nipani,Maharashtra,India,1
667,Niphad,Maharashtra,India,1
668,Nira Narsingpur,Maharashtra,India,1
669,Osmanabad,Maharashtra,India,1
670,Ozar,Maharashtra,India,1
671,Pabal,Maharashtra,India,1
672,Pachora,Maharashtra,India,1
673,Pahur Maharashtra,Maharashtra,India,1
674,Paithan,Maharashtra,India,1
675,Palghar,Maharashtra,India,1
676,Pali Raigad,Maharashtra,India,1
677,Palso,Maharashtra,India,1
678,Panchgani,Maharashtra,India,1
679,Pandharpur,Maharashtra,India,1
680,Pandhurli,Maharashtra,India,1
681,Panhala,Maharashtra,India,1
682,Panvel,Maharashtra,India,1
683,Parbhani,Maharashtra,India,1
684,Parel,Maharashtra,India,1
685,Parli Vaijnath,Maharashtra,India,1
686,Parner,Maharashtra,India,1
687,Parola,Maharashtra,India,1
688,Parseoni,Maharashtra,India,1
689,Partur,Maharashtra,India,1
690,Patan,Maharashtra,India,1
691,Pathardi,Maharashtra,India,1
692,Pathri,Maharashtra,India,1
693,Patur,Maharashtra,India,1
694,Paturda,Maharashtra,India,1
695,Paud,Maharashtra,India,1
696,Pauni,Maharashtra,India,1
697,Pawni,Maharashtra,India,1
698,Pedgaon,Maharashtra,India,1
699,Peint,Maharashtra,India,1
700,Pen,Maharashtra,India,1
701,Phaltan,Maharashtra,India,1
702,Phulambri,Maharashtra,India,1
703,Piliv,Maharashtra,India,1
704,Pimpalgaon Baswant,Maharashtra,India,1
705,Pimpalgaon Raja,Maharashtra,India,1
706,Pimpri,Maharashtra,India,1
707,Pimpri-Chinchwad,Maharashtra,India,1
708,Pipri,Maharashtra,India,1
709,Powai,Maharashtra,India,1
710,Prabhadevi,Maharashtra,India,1
711,Prakasha,Maharashtra,India,1
712,Pulgaon,Maharashtra,India,1
713,Pune,Maharashtra,India,1
714,Pune Division,Maharashtra,India,1
715,Puntamba,Maharashtra,India,1
716,Pural,Maharashtra,India,1
717,Purna,Maharashtra,India,1
718,Pusad,Maharashtra,India,1
719,Radhanagari,Maharashtra,India,1
720,Rahata,Maharashtra,India,1
721,Rahimatpur,Maharashtra,India,1
722,Rahuri,Maharashtra,India,1
723,Raigarh,Maharashtra,India,1
724,Raireshwar,Maharashtra,India,1
725,Rajapur,Maharashtra,India,1
726,Rajgurunagar,Maharashtra,India,1
727,Rajur,Maharashtra,India,1
728,Rajura,Maharashtra,India,1
729,Ralegaon,Maharashtra,India,1
730,Ramewadi,Maharashtra,India,1
731,Ramtek,Maharashtra,India,1
732,Ratnagiri,Maharashtra,India,1
733,Raver,Maharashtra,India,1
734,Renapur,Maharashtra,India,1
735,Renavi,Maharashtra,India,1
736,Revadanda,Maharashtra,India,1
737,Revdanda,Maharashtra,India,1
738,Risod,Maharashtra,India,1
739,Roha,Maharashtra,India,1
740,Sailu,Maharashtra,India,1
741,Sakol,Maharashtra,India,1
742,Sakoli,Maharashtra,India,1
743,Sakri,Maharashtra,India,1
744,Samudrapur,Maharashtra,India,1
745,Sangameshwar,Maharashtra,India,1
746,Sangamner,Maharashtra,India,1
747,Sangli,Maharashtra,India,1
748,Sangola,Maharashtra,India,1
749,Sangrampur Maharashtra,Maharashtra,India,1
750,Saoli,Maharashtra,India,1
751,Saoner,Maharashtra,India,1
752,Sarangkheda,Maharashtra,India,1
753,Saswad,Maharashtra,India,1
754,Satana,Maharashtra,India,1
755,Satara,Maharashtra,India,1
756,Satara Division,Maharashtra,India,1
757,Satpati,Maharashtra,India,1
758,Savantvadi,Maharashtra,India,1
759,Savda,Maharashtra,India,1
760,Savlaj,Maharashtra,India,1
761,Sawantvadi,Maharashtra,India,1
762,Selu,Maharashtra,India,1
763,Sevagram,Maharashtra,India,1
764,Sewri,Maharashtra,India,1
765,Shahada,Maharashtra,India,1
766,Shahapur,Maharashtra,India,1
767,Shedbal,Maharashtra,India,1
768,Shegaon,Maharashtra,India,1
769,Shevgaon,Maharashtra,India,1
770,Shikrapur,Maharashtra,India,1
771,Shiraguppi,Maharashtra,India,1
772,Shirala,Maharashtra,India,1
773,Shirdi,Maharashtra,India,1
774,Shirgaon,Maharashtra,India,1
775,Shirol,Maharashtra,India,1
776,Shirpur,Maharashtra,India,1
777,Shirud,Maharashtra,India,1
778,Shirwal,Maharashtra,India,1
779,Shivaji Nagar,Maharashtra,India,1
780,Shrigonda,Maharashtra,India,1
781,Sillod,Maharashtra,India,1
782,Sindewahi,Maharashtra,India,1
783,Sindhudurg,Maharashtra,India,1
784,Sindi,Maharashtra,India,1
785,Sindkheda,Maharashtra,India,1
786,Sinnar,Maharashtra,India,1
787,Sion Mumbai,Maharashtra,India,1
788,Sironcha,Maharashtra,India,1
789,Sirur,Maharashtra,India,1
790,Sivala East Godavari district,Maharashtra,India,1
791,Solapur,Maharashtra,India,1
792,Sonala,Maharashtra,India,1
793,Sonegaon,Maharashtra,India,1
794,Songir,Maharashtra,India,1
795,Sonvad,Maharashtra,India,1
796,Soygaon,Maharashtra,India,1
797,Srivardhan,Maharashtra,India,1
798,Surgana,Maharashtra,India,1
799,Taklibhan,Maharashtra,India,1
800,Talbid,Maharashtra,India,1
801,Talegaon Dabhade,Maharashtra,India,1
802,Talegaon Dhamdhere,Maharashtra,India,1
803,Taloda,Maharashtra,India,1
804,Talode,Maharashtra,India,1
805,Tarapur,Maharashtra,India,1
806,Tardeo,Maharashtra,India,1
807,Tasgaon,Maharashtra,India,1
808,Telhara,Maharashtra,India,1
809,Thalner,Maharashtra,India,1
810,Thane,Maharashtra,India,1
811,Trimbak,Maharashtra,India,1
812,Trombay,Maharashtra,India,1
813,Tuljapur,Maharashtra,India,1
814,Tumsar,Maharashtra,India,1
815,Udgir,Maharashtra,India,1
816,Ulhasnagar,Maharashtra,India,1
817,Umarga,Maharashtra,India,1
818,Umarkhed,Maharashtra,India,1
819,Umred,Maharashtra,India,1
820,Uran,Maharashtra,India,1
821,Uruli Kanchan,Maharashtra,India,1
822,Vada,Maharashtra,India,1
823,Vadgaon,Maharashtra,India,1
824,Vadner,Maharashtra,India,1
825,Vaijapur,Maharashtra,India,1
826,Vairag,Maharashtra,India,1
827,Valsang,Maharashtra,India,1
828,Vangaon,Maharashtra,India,1
829,Varangaon,Maharashtra,India,1
830,Vashi,Maharashtra,India,1
831,Vasind,Maharashtra,India,1
832,Vatul,Maharashtra,India,1
833,Velas Maharashtra,Maharashtra,India,1
834,Velneshwar,Maharashtra,India,1
835,Vengurla,Maharashtra,India,1
836,Vijaydurg,Maharashtra,India,1
837,Vikhroli,Maharashtra,India,1
838,Vile Parle,Maharashtra,India,1
839,Vinchur,Maharashtra,India,1
840,Virar,Maharashtra,India,1
841,Vita Maharashtra,Maharashtra,India,1
842,Vite,Maharashtra,India,1
843,Wadala,Maharashtra,India,1
844,Wadgaon,Maharashtra,India,1
845,Wadner,Maharashtra,India,1
846,Wadwani,Maharashtra,India,1
847,Wagholi,Maharashtra,India,1
848,Wai,Maharashtra,India,1
849,Wakad,Maharashtra,India,1
850,Walgaon,Maharashtra,India,1
851,Walki,Maharashtra,India,1
852,Wani,Maharashtra,India,1
853,Wardha,Maharashtra,India,1
854,Warora,Maharashtra,India,1
855,Warud,Maharashtra,India,1
856,Washim,Maharashtra,India,1
857,Worli,Maharashtra,India,1
858,Yaval,Maharashtra,India,1
859,Yavatmal,Maharashtra,India,1
860,Yeola,Maharashtra,India,1
