domain_code,domain_name,domain_category,description,is_active
mbbs_medicine,Medicine (MBBS/MD),healthcare,Doctor and physician career path including MBBS and postgraduate specialisations,1
nursing,Nursing,healthcare,Registered nursing patient care and clinical nursing practice,1
pharmacy,Pharmacy,healthcare,Retail and hospital pharmacy drug dispensing and pharmaceutical care,1
physiotherapy,Physiotherapy & Rehab,healthcare,Physical rehabilitation sports injury and musculoskeletal therapy,1
dentistry,Dentistry (BDS/MDS),healthcare,Dental surgery oral health and dental practice,1
ayurveda_homeopathy,Ayurveda & Homeopathy,healthcare,Traditional Indian medicine BAMS BHMS and integrative health,1
healthtech,Healthcare Technology,healthcare,Digital health medical technology and telemedicine,1
med_devices,Medical Devices,healthcare,Medical device engineering and development,1
civil_engineering,Civil Engineering,engineering,Construction infrastructure roads bridges and structural engineering,1
mechanical_engineering,Mechanical Engineering,engineering,Machines manufacturing thermal systems and mechanical design,1
electrical_engineering,Electrical Engineering,engineering,Power systems electrical circuits and electrical infrastructure,1
chemical_engineering,Chemical Engineering,engineering,Chemical processes refining and process plant engineering,1
manufacturing,Manufacturing & Industrial Engg,engineering,Industrial manufacturing and process engineering,1
robotics,Robotics & Automation,engineering,Robotics automation and mechatronics,1
ev_mobility,EV & Mobility,engineering,Electric vehicles and mobility technology,1
renewable_energy,Renewable Energy,engineering,Solar wind and clean energy engineering,1
construction_tech,Construction Technology,engineering,Construction technology and smart buildings,1
ai_data,AI & Data Science,technology,Artificial intelligence machine learning and data science,1
data_engineering,Data Engineering,technology,Building data pipelines and infrastructure,1
cloud_computing,Cloud Computing,technology,Cloud platforms infrastructure and services,1
devops,DevOps & Platform Engg,technology,Development operations CI/CD and platform engineering,1
cybersecurity,Cybersecurity,technology,Information security ethical hacking and defense,1
iot,IoT & Smart Systems,technology,Internet of things and connected devices,1
blockchain,Blockchain & Web3,technology,Blockchain decentralized systems and Web3,1
quantum,Quantum Computing,technology,Quantum computing and quantum information,1
nanotech,Nanotechnology,technology,Nanoscale science and engineering,1
ar_vr,AR/VR & Immersive Tech,technology,Augmented and virtual reality,1
ca_accounting,CA & Accounting,business_finance,Chartered accountancy cost accounting and audit,1
banking_finance,Banking & Finance,business_finance,Traditional banking financial services and investment banking,1
fintech,Finance & FinTech,business_finance,Financial technology digital payments and investment platforms,1
insurance_tech,Insurance & Risk,business_finance,Insurance technology and risk management,1
business_management,Business Management,business_finance,Business administration and management,1
supply_chain,Supply Chain & Operations,business_finance,Supply chain management and operations,1
entrepreneurship,Entrepreneurship,business_finance,Startups business building and venture,1
ecommerce,E-Commerce,business_finance,Online retail and e-commerce platforms,1
upsc_civil_services,UPSC & Civil Services (IAS/IPS),government,Union Public Service Commission and Indian Administrative Service,1
state_govt_services,State Government Services,government,State PSC exams and state administrative services,1
banking_govt,Government Banking (IBPS/SBI),government,Public sector bank exams IBPS SBI PO and clerk,1
defense_armed_forces,Defense & Armed Forces,government,Indian Army Navy Air Force and paramilitary services,1
police_law_enforcement,Police & Law Enforcement,government,State police services and law enforcement careers,1
teaching_school,School Teaching,government,Primary and secondary school teaching and education,1
higher_education,Higher Education & Academia,education,University teaching research and academic careers,1
edtech,Education Technology,education,Educational technology and e-learning platforms,1
law_practice,Law & Legal Practice,law_policy,Litigation corporate law and legal practice,1
legaltech,Legal Technology,law_policy,Legal technology and law practice innovation,1
ai_ethics,AI Ethics & Policy,law_policy,AI ethics governance and technology policy,1
biotech,Biotechnology,science_research,Biological research genomics and drug discovery,1
pharma,Pharmaceuticals,science_research,Drug development and pharmaceutical industry,1
space_tech,Aviation & Aerospace,science_research,Space technology aviation and aerospace,1
pure_sciences,Pure Sciences (BSc/MSc),science_research,Physics chemistry mathematics and pure science research,1
defense_tech,Defense Technology,science_research,Defense technology systems and research,1
agriculture_farming,Agriculture & Farming,agriculture,Traditional farming crop science and agricultural practice,1
agritech,AgriTech,agriculture,Agricultural technology precision farming and food systems,1
veterinary,Veterinary Science,agriculture,Animal health veterinary medicine and livestock management,1
horticulture,Horticulture & Forestry,agriculture,Horticulture floriculture and forest management,1
foodtech,Food Technology,agriculture,Food science food processing and food technology,1
fine_arts_design,Fine Arts & Design,creative_arts,Fine arts painting sculpture and visual arts,1
architecture,Architecture,creative_arts,Building design urban planning and architectural practice,1
fashion_design,Fashion & Textile Design,creative_arts,Fashion design textile and apparel industry,1
fashiontech,Fashion Technology,creative_arts,Fashion technology and design innovation,1
performing_arts,Performing Arts (Music/Dance/Theatre),creative_arts,Classical and contemporary music dance and theatre,1
journalism_media,Journalism & Mass Media,creative_arts,Print digital and broadcast journalism and media,1
creator_economy,Content Creation & Media,creative_arts,Content creation social media and the creator economy,1
digital_marketing,Digital Marketing,creative_arts,Online marketing SEO social media and growth,1
marketing,Marketing & Brand Management,creative_arts,Marketing strategy and brand management,1
gaming,Gaming & Game Development,creative_arts,Game development and gaming industry,1
professional_sports,Professional Sports & Athletics,sports_physical,Competitive sports and professional athletics career,1
sports_coaching,Sports Coaching & Training,sports_physical,Sports coaching fitness training and athletic development,1
sports_tech,Sports Science & Technology,sports_physical,Sports science performance analysis and sports technology,1
physical_education,Physical Education,sports_physical,School and college physical education and fitness instruction,1
social_work,Social Work & NGO,social_welfare,Social work community development and NGO careers,1
psychology_counselling,Psychology & Counselling,social_welfare,Clinical psychology counselling and mental health practice,1
mental_health,Mental Health & Wellness,social_welfare,Mental health platforms wellness and psychology services,1
hrtech,HR & People Management,social_welfare,Human resources technology and people management,1
hotel_management,Hotel Management & Hospitality,hospitality_travel,Hotel operations food and beverage and hospitality management,1
traveltech,Travel & Tourism Technology,hospitality_travel,Travel technology and hospitality platforms,1
electrician_trades,Electrician & Electrical Trades,vocational,Electrical wiring installation and maintenance trades,1
plumbing_civil_trades,Plumbing & Civil Trades,vocational,Plumbing civil construction and building trades,1
it_hardware_support,IT Hardware & Support,vocational,Computer hardware networking and IT support trades,1
beauty_wellness,Beauty & Wellness,vocational,Beauty therapy cosmetology and wellness services,1
climate_tech,Climate Tech & Sustainability,climate_environment,Climate change technology and sustainability solutions,1
urban_tech,Smart Cities & Urban Planning,climate_environment,Urban technology smart city solutions and urban planning,1
