domain_code,skill_code,weight_score,is_core,is_active
ai_data,python,95,1,1
ai_data,sql,90,1,1
ai_data,machine_learning,95,1,1
ai_data,deep_learning,88,0,1
ai_data,data_analysis,86,1,1
ai_data,statistics,84,0,1
ai_data,data_engineering,90,1,1
ai_data,problem_solving,82,0,1
cybersecurity,networking,92,1,1
cybersecurity,ethical_hacking,95,1,1
cybersecurity,cryptography,90,1,1
cybersecurity,python,78,0,1
cybersecurity,problem_solving,84,0,1
healthtech,medical_knowledge,92,1,1
healthtech,data_analysis,82,0,1
healthtech,sql,78,0,1
healthtech,python,75,0,1
healthtech,communication,74,0,1
biotech,biology,95,1,1
biotech,statistics,82,0,1
biotech,data_analysis,80,0,1
biotech,problem_solving,78,0,1
biotech,medical_knowledge,76,0,1
fintech,sql,88,1,1
fintech,excel,86,0,1
fintech,financial_analysis,95,1,1
fintech,risk_management,90,1,1
fintech,statistics,80,0,1
climate_tech,data_analysis,82,0,1
climate_tech,problem_solving,84,0,1
climate_tech,communication,72,0,1
climate_tech,statistics,78,0,1
climate_tech,leadership,70,0,1
renewable_energy,mechanics,88,1,1
renewable_energy,electronics,86,1,1
renewable_energy,problem_solving,82,0,1
renewable_energy,communication,70,0,1
renewable_energy,programming,65,0,1
ev_mobility,mechanics,90,1,1
ev_mobility,electronics,88,1,1
ev_mobility,problem_solving,82,0,1
ev_mobility,programming,70,0,1
ev_mobility,communication,68,0,1
robotics,mechanics,92,1,1
robotics,electronics,92,1,1
robotics,programming,85,1,1
robotics,python,78,0,1
robotics,problem_solving,86,0,1
space_tech,problem_solving,85,0,1
space_tech,programming,78,0,1
space_tech,electronics,82,0,1
space_tech,communication,70,0,1
space_tech,leadership,68,0,1
edtech,communication,88,1,1
edtech,product_management,82,0,1
edtech,content_writing,80,0,1
edtech,uiux,78,0,1
edtech,problem_solving,76,0,1
agritech,agriculture_basics,95,1,1
agritech,data_analysis,78,0,1
agritech,problem_solving,80,0,1
agritech,communication,70,0,1
agritech,statistics,75,0,1
iot,networking,85,0,1
iot,electronics,90,1,1
iot,programming,82,1,1
iot,python,76,0,1
iot,problem_solving,80,0,1
blockchain,cryptography,88,1,1
blockchain,python,78,0,1
blockchain,sql,72,0,1
blockchain,problem_solving,82,0,1
blockchain,communication,68,0,1
cloud_computing,aws,95,1,1
cloud_computing,sql,78,0,1
cloud_computing,python,80,0,1
cloud_computing,devops,92,1,1
cloud_computing,networking,82,0,1
devops,devops,95,1,1
devops,aws,90,1,1
devops,python,75,0,1
devops,problem_solving,82,0,1
devops,time_management,70,0,1
ar_vr,uiux,88,1,1
ar_vr,graphic_design,82,0,1
ar_vr,figma,78,0,1
ar_vr,creativity,86,0,1
ar_vr,storytelling,74,0,1
gaming,programming,80,1,1
gaming,python,72,0,1
gaming,problem_solving,82,0,1
gaming,creativity,84,0,1
gaming,storytelling,78,0,1
creator_economy,content_writing,88,1,1
creator_economy,social_media,90,1,1
creator_economy,video_editing,86,0,1
creator_economy,storytelling,84,0,1
creator_economy,communication,82,0,1
digital_marketing,seo,92,1,1
digital_marketing,social_media,90,1,1
digital_marketing,content_writing,88,0,1
digital_marketing,communication,82,0,1
digital_marketing,excel,70,0,1
ecommerce,product_management,84,0,1
ecommerce,excel,78,0,1
ecommerce,sql,76,0,1
ecommerce,communication,80,0,1
ecommerce,problem_solving,78,0,1
supply_chain,excel,85,1,1
supply_chain,sql,80,0,1
supply_chain,problem_solving,78,0,1
supply_chain,communication,76,0,1
supply_chain,time_management,74,0,1
manufacturing,mechanics,90,1,1
manufacturing,electronics,82,0,1
manufacturing,problem_solving,80,0,1
manufacturing,leadership,72,0,1
manufacturing,time_management,70,0,1
construction_tech,problem_solving,80,0,1
construction_tech,communication,75,0,1
construction_tech,leadership,72,0,1
construction_tech,time_management,70,0,1
construction_tech,excel,68,0,1
legaltech,communication,82,1,1
legaltech,problem_solving,78,0,1
legaltech,content_writing,76,0,1
legaltech,cybersecurity,70,0,1
legaltech,sql,65,0,1
hrtech,communication,88,1,1
hrtech,product_management,80,0,1
hrtech,data_analysis,75,0,1
hrtech,leadership,78,0,1
hrtech,time_management,74,0,1
sports_tech,data_analysis,78,0,1
sports_tech,communication,80,0,1
sports_tech,problem_solving,76,0,1
sports_tech,leadership,70,0,1
sports_tech,time_management,72,0,1
traveltech,communication,84,1,1
traveltech,excel,76,0,1
traveltech,digital_marketing,78,0,1
traveltech,problem_solving,74,0,1
traveltech,time_management,72,0,1
foodtech,product_management,82,0,1
foodtech,communication,78,0,1
foodtech,problem_solving,76,0,1
foodtech,excel,72,0,1
foodtech,digital_marketing,70,0,1
fashiontech,graphic_design,82,0,1
fashiontech,uiux,78,0,1
fashiontech,creativity,88,1,1
fashiontech,figma,74,0,1
fashiontech,communication,72,0,1
nanotech,problem_solving,82,0,1
nanotech,statistics,80,0,1
nanotech,data_analysis,76,0,1
nanotech,communication,68,0,1
nanotech,programming,65,0,1
quantum,problem_solving,88,0,1
quantum,statistics,82,0,1
quantum,python,72,0,1
quantum,programming,75,0,1
quantum,communication,65,0,1
defense_tech,cybersecurity,85,0,1
defense_tech,networking,82,0,1
defense_tech,robotics,80,0,1
defense_tech,leadership,78,0,1
defense_tech,problem_solving,84,0,1
energy_storage,electronics,88,1,1
energy_storage,mechanics,82,0,1
energy_storage,problem_solving,80,0,1
energy_storage,communication,68,0,1
energy_storage,programming,65,0,1
urban_tech,iot,84,0,1
urban_tech,networking,78,0,1
urban_tech,problem_solving,80,0,1
urban_tech,communication,76,0,1
urban_tech,leadership,72,0,1
water_tech,problem_solving,80,0,1
water_tech,data_analysis,76,0,1
water_tech,communication,72,0,1
water_tech,statistics,74,0,1
water_tech,leadership,68,0,1
mental_health,communication,90,1,1
mental_health,medical_knowledge,82,0,1
mental_health,problem_solving,76,0,1
mental_health,time_management,72,0,1
mental_health,leadership,70,0,1
med_devices,medical_knowledge,90,1,1
med_devices,biology,80,0,1
med_devices,data_analysis,76,0,1
med_devices,problem_solving,78,0,1
med_devices,communication,74,0,1
pharma,medical_knowledge,88,1,1
pharma,biology,86,1,1
pharma,statistics,78,0,1
pharma,data_analysis,76,0,1
pharma,communication,70,0,1
insurance_tech,financial_analysis,88,1,1
insurance_tech,risk_management,90,1,1
insurance_tech,excel,78,0,1
insurance_tech,sql,74,0,1
insurance_tech,communication,72,0,1
data_engineering,sql,92,1,1
data_engineering,python,90,1,1
data_engineering,data_analysis,82,0,1
data_engineering,statistics,78,0,1
data_engineering,aws,80,0,1
ai_ethics,communication,88,1,1
ai_ethics,problem_solving,78,0,1
ai_ethics,leadership,76,0,1
ai_ethics,content_writing,74,0,1
ai_ethics,time_management,70,0,1
marketing,communication,95,1,1
marketing,social_media,92,1,1
marketing,content_writing,88,1,1
marketing,seo,82,0,1
marketing,creativity,80,0,1
marketing,excel,72,0,1
marketing,problem_solving,70,0,1
mbbs_medicine,clinical_skills,98,1,1
mbbs_medicine,anatomy,95,1,1
mbbs_medicine,medical_knowledge,95,1,1
mbbs_medicine,communication,80,0,1
nursing,patient_care,98,1,1
nursing,clinical_skills,90,1,1
nursing,communication,85,0,1
pharmacy,medical_knowledge,90,1,1
pharmacy,chemistry,88,1,1
pharmacy,communication,75,0,1
physiotherapy,clinical_skills,90,1,1
physiotherapy,anatomy,88,1,1
physiotherapy,patient_care,85,0,1
dentistry,clinical_skills,95,1,1
dentistry,anatomy,88,1,1
dentistry,medical_knowledge,85,0,1
ayurveda_homeopathy,medical_knowledge,88,1,1
ayurveda_homeopathy,patient_care,85,1,1
ayurveda_homeopathy,communication,75,0,1
civil_engineering,civil_design,95,1,1
civil_engineering,problem_solving,80,0,1
civil_engineering,mechanics,85,1,1
mechanical_engineering,mechanical_design,95,1,1
mechanical_engineering,mechanics,90,1,1
mechanical_engineering,problem_solving,80,0,1
electrical_engineering,electrical_design,95,1,1
electrical_engineering,electronics,90,1,1
electrical_engineering,problem_solving,80,0,1
chemical_engineering,process_engineering,95,1,1
chemical_engineering,chemistry,90,1,1
chemical_engineering,problem_solving,80,0,1
manufacturing,mechanics,88,1,1
manufacturing,process_engineering,85,1,1
manufacturing,problem_solving,75,0,1
upsc_civil_services,public_administration,95,1,1
upsc_civil_services,communication,90,1,1
upsc_civil_services,problem_solving,85,0,1
state_govt_services,public_administration,95,1,1
state_govt_services,communication,85,1,1
banking_govt,accounting,85,1,1
banking_govt,financial_analysis,80,1,1
banking_govt,communication,80,0,1
defense_armed_forces,leadership,95,1,1
defense_armed_forces,defense_systems,90,1,1
defense_armed_forces,problem_solving,85,0,1
police_law_enforcement,public_administration,85,1,1
police_law_enforcement,communication,85,1,1
police_law_enforcement,problem_solving,80,0,1
teaching_school,teaching,98,1,1
teaching_school,communication,90,1,1
teaching_school,creativity,70,0,1
higher_education,teaching,90,1,1
higher_education,scientific_research,88,1,1
higher_education,communication,85,0,1
ca_accounting,accounting,98,1,1
ca_accounting,taxation,95,1,1
ca_accounting,financial_analysis,90,1,1
banking_finance,financial_analysis,95,1,1
banking_finance,risk_management,90,1,1
banking_finance,excel,85,0,1
law_practice,legal_research,98,1,1
law_practice,contract_drafting,95,1,1
law_practice,communication,90,0,1
agriculture_farming,farming_techniques,98,1,1
agriculture_farming,agriculture_basics,95,1,1
agriculture_farming,problem_solving,65,0,1
veterinary,veterinary_skills,98,1,1
veterinary,biology,90,1,1
veterinary,medical_knowledge,85,0,1
horticulture,farming_techniques,95,1,1
horticulture,agriculture_basics,90,1,1
horticulture,biology,75,0,1
foodtech,food_science,98,1,1
foodtech,chemistry,80,1,1
foodtech,process_engineering,75,0,1
architecture,architectural_design,98,1,1
architecture,civil_design,80,1,1
architecture,creativity,85,0,1
fashion_design,fashion_illustration,98,1,1
fashion_design,creativity,95,1,1
fashion_design,graphic_design,75,0,1
fine_arts_design,creativity,98,1,1
fine_arts_design,graphic_design,90,1,1
fine_arts_design,storytelling,75,0,1
performing_arts,performing_arts_skills,98,1,1
performing_arts,creativity,90,1,1
performing_arts,communication,80,0,1
journalism_media,journalism,98,1,1
journalism_media,content_writing,90,1,1
journalism_media,storytelling,88,0,1
social_work,counselling_skills,90,1,1
social_work,communication,88,1,1
social_work,leadership,70,0,1
psychology_counselling,counselling_skills,98,1,1
psychology_counselling,communication,90,1,1
psychology_counselling,biology,65,0,1
professional_sports,sports_training,98,1,1
professional_sports,leadership,75,0,1
professional_sports,time_management,80,0,1
sports_coaching,sports_training,98,1,1
sports_coaching,teaching,85,1,1
sports_coaching,leadership,85,0,1
physical_education,sports_training,90,1,1
physical_education,teaching,88,1,1
physical_education,leadership,75,0,1
electrician_trades,electrical_wiring,98,1,1
electrician_trades,electronics,85,1,1
electrician_trades,problem_solving,70,0,1
plumbing_civil_trades,plumbing,98,1,1
plumbing_civil_trades,mechanics,75,1,1
plumbing_civil_trades,problem_solving,70,0,1
it_hardware_support,hardware_support,98,1,1
it_hardware_support,networking,85,1,1
it_hardware_support,problem_solving,75,0,1
beauty_wellness,beauty_therapy,98,1,1
beauty_wellness,communication,85,1,1
beauty_wellness,creativity,75,0,1
hotel_management,hotel_operations,98,1,1
hotel_management,communication,90,1,1
hotel_management,leadership,80,0,1
business_management,leadership,90,1,1
business_management,financial_analysis,80,1,1
business_management,communication,88,0,1
pure_sciences,scientific_research,98,1,1
pure_sciences,statistics,88,1,1
pure_sciences,problem_solving,85,0,1
urban_tech,urban_planning,98,1,1
urban_tech,civil_design,75,1,1
urban_tech,data_analysis,80,0,1
climate_tech,sustainability,98,1,1
climate_tech,data_analysis,80,1,1
climate_tech,problem_solving,75,0,1
defense_tech,defense_systems,98,1,1
defense_tech,electronics,80,1,1
defense_tech,problem_solving,80,0,1
entrepreneurship,leadership,95,1,1
entrepreneurship,product_management,88,1,1
entrepreneurship,financial_analysis,75,0,1
