zone_id,pincode_number
4,504203
4,530048
4,504001
4,504309
4,504312
4,504308
4,504273
4,504293
4,504295
4,504296
4,504272
4,504294
4,504292
4,504307
4,504304
4,504323
4,504201
4,504204
4,504216
4,504214
4,504303
4,504202
4,504251
4,504231
4,504205
4,504215
4,504302
4,504206
4,504218
4,504207
4,504209
4,504219
4,504208
4,504301
4,504220
4,504101
4,504103
4,504102
4,504109
4,504110
4,504106
4,504306
4,504310
4,504104
4,504105
4,504299
4,504313
4,504311
4,504346
4,515767
4,515721
4,515001
4,515311
4,515321
4,515556
4,515561
4,515281
4,515305
4,515286
4,515445
4,515002
4,515005
4,515004
4,515003
4,515751
4,515701
4,515672
4,515661
4,515631
4,515741
4,515761
4,515763
4,515870
4,515871
4,515812
4,515863
4,515154
4,515144
4,515159
4,515425
4,515731
4,515651
4,515101
4,515341
4,515601
4,515331
4,515671
4,515521
4,515774
4,515611
4,515402
4,515401
4,515405
4,515241
4,515231
4,515271
4,515291
4,515865
4,515867
4,515775
4,515803
4,515801
4,515842
4,515872
4,515211
4,515212
4,515201
4,515541
4,515591
4,515501
4,515787
4,515765
4,515621
4,515641
4,515110
4,515133
4,515711
4,515766
4,515301
4,515303
4,515465
4,515511
4,515581
4,515571
4,515551
4,515531
4,515832
4,515261
4,515408
4,515411
4,515455
4,515124
4,515164
4,515134
4,515122
4,515123
4,515414
4,515435
4,515415
4,515822
4,517325
4,517536
4,517129
4,517416
4,517194
4,517102
4,517101
4,517193
4,517422
4,517403
4,517421
4,517167
4,517132
4,517419
4,517002
4,517004
4,517126
4,517001
4,517003
4,517125
4,517130
4,517128
4,517131
4,517127
4,517124
4,517599
4,517152
4,517213
4,517291
4,517305
4,517297
4,517643
4,517236
4,517237
4,517234
4,517235
4,517582
4,517280
4,517390
4,517432
4,517247
4,517330
4,517370
4,517351
4,517418
4,517123
4,517257
4,517417
4,517319
4,517352
4,517414
4,517391
4,517350
4,517425
4,517592
4,517590
4,517591
4,517113
4,517112
4,517172
4,517423
4,517415
4,517401
4,517424
4,517408
4,517429
4,517586
4,517214
4,517589
4,517587
4,517571
4,517581
4,517583
4,517584
4,517561
4,517520
4,517506
4,517192
4,517588
4,517640
4,517642
4,517644
4,517641
4,517501
4,517507
4,517504
4,517503
4,517505
4,517502
4,517551
4,517277
4,517299
4,517541
4,517569
4,517619
4,517526
4,517620
4,517621
4,516175
4,516433
4,516431
4,516310
4,516360
4,516349
4,516396
4,516501
4,516228
4,516503
4,516227
4,516484
4,516128
4,516259
4,516502
4,516162
4,516163
4,516214
4,516104
4,516004
4,516003
4,516001
4,516002
4,516218
4,516216
4,516293
4,516267
4,516233
4,516411
4,516432
4,516434
4,516217
4,516355
4,516289
4,516311
4,516339
4,516321
4,516309
4,516312
4,516203
4,516105
4,516101
4,516444
4,516257
4,516464
4,516247
4,516380
4,516439
4,516474
4,516172
4,516173
4,516152
4,516150
4,516151
4,516108
4,516126
4,516110
4,516127
4,516193
4,516362
4,516359
4,516454
4,516421
4,516390
4,516350
4,516401
4,516329
4,516107
4,516115
4,516504
4,516269
4,516270
4,516129
4,516215
4,516237
4,516130
4,516505
4,516268
4,516213
4,533483
4,533284
4,533296
4,533102
4,533450
4,533107
4,533428
4,533447
4,533211
4,533577
4,533228
4,533241
4,533233
4,533126
4,533232
4,533234
4,533217
4,533215
4,533218
4,533210
4,533201
4,533221
4,533213
4,533222
4,533214
4,533239
4,533342
4,533264
4,533346
4,533261
4,533236
4,533235
4,533237
4,533255
4,533343
4,533262
4,533345
4,533240
4,533339
4,533286
4,533288
4,531110
4,533294
4,533285
4,533289
4,533449
4,533445
4,533220
4,533435
4,533125
4,533263
4,533468
4,533005
4,533006
4,533003
4,533461
4,533002
4,533004
4,533008
4,533001
4,533016
4,533440
4,533307
4,533309
4,533308
4,533305
4,533462
4,533260
4,533212
4,533431
4,533290
4,533292
4,533407
4,533448
4,533274
4,533229
4,533223
4,533244
4,533253
4,533254
4,533250
4,533247
4,533248
4,533249
4,533340
4,533341
4,533295
4,533216
4,533306
4,533344
4,533437
4,533433
4,533464
4,533432
4,533430
4,533101
4,533106
4,533104
4,533103
4,533105
4,533124
4,533293
4,533436
4,533291
4,533238
4,533242
4,533252
4,533251
4,533434
4,533406
4,533446
4,533287
4,533463
4,533408
4,533401
4,533429
4,522201
4,522649
4,522004
4,522020
4,522325
4,522313
4,522301
4,522211
4,522310
4,522409
4,522101
4,522311
4,522212
4,522329
4,522411
4,522257
4,522256
4,522213
4,522309
4,522259
4,522113
4,522616
4,522611
4,522626
4,522264
4,522414
4,522258
4,522330
4,522308
4,522612
4,522233
4,522015
4,522007
4,522017
4,522005
4,522503
4,522002
4,522001
4,522003
4,522006
4,522034
4,522502
4,522112
4,522016
4,522510
4,522508
4,522303
4,522509
4,522235
4,522302
4,522009
4,522501
4,522018
4,522019
4,522236
4,522237
4,522415
4,522341
4,522658
4,522663
4,522661
4,522614
4,522111
4,522307
4,522304
4,522324
4,522410
4,522262
4,522315
4,522435
4,522426
4,522439
4,522438
4,522401
4,522408
4,522549
4,522234
4,522619
4,522268
4,522306
4,522603
4,522601
4,522615
4,522314
4,522659
4,522660
4,522316
4,522436
4,522402
4,522305
4,522529
4,522437
4,522413
4,522124
4,522125
4,522412
4,522421
4,522265
4,522617
4,522403
4,522646
4,522317
4,522202
4,522318
4,522312
4,522613
4,522261
4,522647
4,522657
4,500085
4,500060
4,500018
4,500038
4,500006
4,500028
4,500067
4,500057
4,500008
4,500031
4,500029
4,500063
4,500004
4,500007
4,500015
4,501201
4,501301
4,500040
4,500020
4,500003
4,500080
4,500062
4,500025
4,500016
4,500002
4,500017
4,500026
4,500071
4,500061
4,501101
4,500030
4,500012
4,500044
4,500013
4,500048
4,500058
4,500064
4,500005
4,500027
4,500039
4,500024
4,500053
4,500065
4,500068
4,500052
4,500066
4,500051
4,500035
4,500001
4,500076
4,500079
4,500077
4,500074
4,500036
4,500023
4,500059
4,500070
4,500069
4,500045
4,500034
4,500022
4,500082
4,500041
4,500073
4,500095
4,500081
4,500033
4,501121
4,501202
4,501401
4,501143
4,500075
4,501106
4,501510
4,501506
4,500043
4,501509
4,500087
4,501512
4,501508
4,501505
4,501218
4,501359
4,501323
4,501511
4,501142
4,500014
4,501144
4,501502
4,501141
4,501503
4,500010
4,501504
4,500047
4,500037
4,501203
4,501501
4,500011
4,501158
4,501111
4,500050
4,500021
4,500042
4,500054
4,500055
4,500072
4,500009
4,500049
4,500083
4,500056
4,500078
4,500094
4,500093
4,500032
4,500084
4,500019
4,500046
4,505526
4,505405
4,505454
4,505455
4,505529
4,505481
4,505530
4,505525
4,505210
4,505514
4,505208
4,505184
4,505212
4,505472
4,505102
4,505474
4,505504
4,505480
4,505470
4,505503
4,505172
4,505101
4,505129
4,505475
4,505174
4,505416
4,505186
4,505468
4,505187
4,505505
4,505122
4,505476
4,505502
4,505471
4,505490
4,505188
4,505497
4,505153
4,505185
4,505152
4,505209
4,505498
4,505162
4,505528
4,505473
4,505524
4,505401
4,505302
4,505402
4,505403
4,505307
4,505467
4,505415
4,505531
4,505425
4,505211
4,505304
4,505305
4,505445
4,505532
4,505466
4,505450
4,505325
4,505327
4,505001
4,505451
4,505306
4,505462
4,505303
4,505501
4,505301
4,505330
4,505453
4,505460
4,505326
4,505331
4,505452
4,505469
4,505404
4,505215
4,505214
4,505527
4,507301
4,507202
4,507211
4,507111
4,507128
4,507204
4,507114
4,507169
4,507133
4,507208
4,507129
4,507126
4,507306
4,507137
4,507168
4,507210
4,507134
4,507158
4,507138
4,507166
4,507209
4,507122
4,507002
4,507001
4,507003
4,507201
4,507182
4,507101
4,507118
4,507103
4,507121
4,507159
4,507170
4,507203
4,507116
4,507117
4,507125
4,507113
4,507160
4,507316
4,507157
4,507115
4,507154
4,507302
4,507183
4,507119
4,507140
4,507303
4,507304
4,507161
4,507120
4,507163
4,507167
4,507305
4,507135
4,507164
4,507136
4,507318
4,507165
4,507123
4,507124
4,521227
4,521323
4,521245
4,521211
4,521121
4,521001
4,521366
4,521002
4,521369
4,521324
4,521329
4,521345
4,521444
4,521106
4,521105
4,521111
4,521182
4,521131
4,521126
4,521132
4,521214
4,521213
4,521403
4,521133
4,521150
4,521301
4,521330
4,521322
4,521325
4,521327
4,521356
4,521332
4,521331
4,521149
4,521156
4,521162
4,521457
4,521333
4,521340
4,521343
4,521260
4,521151
4,521164
4,521328
4,521228
4,520003
4,520012
4,520008
4,521212
4,521250
4,521101
4,521181
4,521165
4,521190
4,521175
4,520002
4,521286
4,521229
4,520007
4,520015
4,521102
4,521178
4,520011
4,521163
4,521185
4,521230
4,520010
4,521180
4,521456
4,521183
4,520001
4,521139
4,521170
4,521402
4,521108
4,521225
4,521256
4,521104
4,520004
4,521241
4,521247
4,521246
4,521107
4,521401
4,521137
4,521109
4,521235
4,521110
4,521326
4,521125
4,521130
4,521138
4,521136
4,521135
4,521158
4,521207
4,521201
4,521120
4,521321
4,521390
4,521157
4,521263
4,521148
4,521215
4,520013
4,521312
4,521311
4,521261
4,521153
4,518508
4,518220
4,518323
4,518411
4,518464
4,518422
4,518217
4,518343
4,518216
4,518468
4,518462
4,518395
4,518344
4,518543
4,518573
4,518510
4,518583
4,518553
4,518502
4,518594
4,518593
4,518563
4,518176
4,518112
4,518124
4,518186
4,518123
4,518135
4,518134
4,518145
4,518122
4,518166
4,518165
4,518155
4,518196
4,518533
4,518302
4,518301
4,518225
4,518405
4,518465
4,518463
4,518347
4,518390
4,518313
4,518005
4,518350
4,518222
4,518006
4,518401
4,518396
4,518598
4,518348
4,518218
4,518599
4,518004
4,518412
4,518432
4,518206
4,518002
4,518380
4,518221
4,518345
4,518442
4,518308
4,518346
4,518349
4,518333
4,518360
4,518452
4,518010
4,518466
4,518385
4,518003
4,518001
4,518102
4,518101
4,518397
4,518523
4,518512
4,518511
4,518513
4,518673
4,518501
4,509210
4,509382
4,509001
4,509352
4,509152
4,509132
4,509125
4,509130
4,509340
4,509336
4,509371
4,509407
4,509335
4,509208
4,509131
4,509338
4,509409
4,509204
4,509339
4,509411
4,509353
4,509205
4,509127
4,509128
4,509129
4,509334
4,509126
4,509136
4,509311
4,509350
4,509351
4,509337
4,509380
4,509219
4,509153
4,509144
4,509357
4,509375
4,509376
4,509321
4,509358
4,509360
4,509201
4,509326
4,509202
4,509408
4,509401
4,509385
4,509406
4,509203
4,509215
4,509110
4,509216
4,509410
4,509217
4,509206
4,509235
4,509301
4,509324
4,509320
4,509102
4,509105
4,509207
4,509381
4,509104
4,509325
4,509228
4,509327
4,509209
4,509412
4,509120
4,509103
4,509309
4,502278
4,502115
4,502311
4,502280
4,502281
4,502310
4,502247
4,502109
4,502267
4,502277
4,502114
4,502302
4,502113
4,502375
4,502334
4,502279
4,502102
4,502117
4,502381
4,502255
4,502276
4,502301
4,502108
4,502107
4,502130
4,502248
4,502335
4,502336
4,502312
4,502372
4,502331
4,502304
4,502125
4,502303
4,502101
4,502269
4,502273
4,502270
4,502271
4,502110
4,502286
4,502287
4,502371
4,502290
4,502314
4,502313
4,502316
4,502305
4,502319
4,502300
4,502324
4,502307
4,502032
4,502325
4,502345
4,502291
4,502306
4,502293
4,502296
4,502285
4,502294
4,502295
4,502329
4,502205
4,502001
4,502103
4,502318
4,502220
4,502210
4,502228
4,502256
4,502221
4,502321
4,502251
4,502246
4,502257
4,502249
4,508001
4,508244
4,508252
4,508112
4,508116
4,508126
4,508105
4,508285
4,508286
4,508113
4,508255
4,508233
4,508204
4,508206
4,508218
4,508246
4,508201
4,508238
4,508234
4,508355
4,508207
4,508374
4,508278
4,508217
4,535526
4,535525
4,535521
4,535213
4,535220
4,535183
4,535524
4,535534
4,535161
4,535547
4,535527
4,535573
4,535546
4,535593
4,535270
4,535215
4,535273
4,535102
4,535128
4,535101
4,535124
4,532127
4,535280
4,535218
4,535217
4,535003
4,535592
4,535591
4,535580
4,535501
4,535463
4,535522
4,535221
4,535204
4,535579
4,535250
4,535148
4,535145
4,535160
4,535558
4,535214
4,535126
4,535568
4,532122
4,535557
4,535281
4,535005
4,535002
4,535004
4,535001
4,506318
4,506003
4,506164
4,506344
4,506145
4,506303
4,506345
4,506342
4,506006
4,506169
4,506168
4,506221
4,506224
4,506223
4,506332
4,506331
4,506355
4,506356
4,506348
4,506302
4,506144
4,506151
4,506142
4,506370
4,506381
4,506349
4,506165
4,506330
4,506301
4,506143
4,506252
4,506347
4,506134
4,506007
4,506001
4,506166
4,506005
4,506009
4,506371
4,506015
4,506167
4,506201
4,506112
4,506222
4,506135
4,506105
4,506367
4,506101
4,506172
4,506315
4,506366
4,506343
4,506353
4,506368
4,506324
4,506244
4,506132
4,506317
4,506104
4,506122
4,506310
4,506391
4,506314
4,506313
4,506369
4,506319
4,506163
4,506002
4,506011
4,506004
4,506008
4,506013
4,506316
4,534266
4,534235
4,534320
4,534280
4,534126
4,534240
4,534208
4,534202
4,534330
4,534250
4,534217
4,534199
4,534243
4,534207
4,534206
4,534124
4,534216
4,534204
4,534281
4,534269
4,534268
4,534275
4,534227
4,534123
4,534239
4,534237
4,534328
4,534225
4,534244
4,534326
4,534122
4,534247
4,534236
4,534230
4,534222
4,534210
4,534209
4,534238
4,534265
4,534327
4,534324
4,534338
4,534267
4,534218
4,534134
4,534245
4,534156
4,534302
4,534272
4,534425
4,534201
4,534315
4,534448
4,534318
4,534342
4,534305
4,534004
4,534406
4,534007
4,534460
4,534426
4,534432
4,534313
4,534316
4,534462
4,534002
4,534001
4,534006
4,534005
4,534450
4,534427
4,534442
4,534003
4,534198
4,534186
4,534197
4,534196
4,534341
4,534447
4,534456
4,534449
4,534416
4,534311
4,534350
4,535350
4,534340
4,534312
4,534451
4,534176
4,534112
4,534111
4,534301
4,534229
4,534195
4,534437
4,534260
4,534251
4,534166
4,534165
4,534146
4,534136
4,534331
4,534461
4,534401
4,534467
4,534101
4,534145
4,534102
4,534452
4,534211
4,534215
4,534475
4,534411
